/*
SQLyog Ultimate v12.09 (64 bit)
MySQL - 5.5.49 : Database - guns
*********************************************************************
*/

/*!40101 SET NAMES utf8 */;

/*!40101 SET SQL_MODE=''*/;

/*!40014 SET @OLD_UNIQUE_CHECKS=@@UNIQUE_CHECKS, UNIQUE_CHECKS=0 */;
/*!40014 SET @OLD_FOREIGN_KEY_CHECKS=@@FOREIGN_KEY_CHECKS, FOREIGN_KEY_CHECKS=0 */;
/*!40101 SET @OLD_SQL_MODE=@@SQL_MODE, SQL_MODE='NO_AUTO_VALUE_ON_ZERO' */;
/*!40111 SET @OLD_SQL_NOTES=@@SQL_NOTES, SQL_NOTES=0 */;
CREATE DATABASE /*!32312 IF NOT EXISTS*/`guns` /*!40100 DEFAULT CHARACTER SET utf8 */;

USE `guns`;

/*Table structure for table `b_user` */

DROP TABLE IF EXISTS `b_user`;

CREATE TABLE `b_user` (
  `user_id` varchar(100) NOT NULL COMMENT '后台用户id',
  `user_emp` varchar(100) DEFAULT NULL COMMENT '登录账号',
  `user_pass` varchar(100) DEFAULT NULL COMMENT '登录密码',
  `user_name` varchar(100) DEFAULT NULL COMMENT '用户名',
  `user_type` varchar(100) DEFAULT NULL COMMENT '用户类别',
  `user_org` varchar(100) DEFAULT NULL COMMENT '所属机构',
  `user_tel` varchar(100) DEFAULT NULL COMMENT '用户电话',
  `create_time` datetime DEFAULT NULL COMMENT '创建时间',
  `update_time` datetime DEFAULT NULL COMMENT '更新时间',
  PRIMARY KEY (`user_id`)
) ENGINE=InnoDB DEFAULT CHARSET=utf8;

/*Data for the table `b_user` */

insert  into `b_user`(`user_id`,`user_emp`,`user_pass`,`user_name`,`user_type`,`user_org`,`user_tel`,`create_time`,`update_time`) values ('0000','admin','1','系统管理员','1','1','15701141304','2020-01-04 15:45:43','2020-01-04 15:45:46');

/*Table structure for table `cms_blog` */

DROP TABLE IF EXISTS `cms_blog`;

CREATE TABLE `cms_blog` (
  `id` int(11) NOT NULL AUTO_INCREMENT,
  `title` varchar(255) DEFAULT NULL,
  `content` varchar(512) DEFAULT NULL,
  `create_time` datetime DEFAULT NULL,
  `create_user_id` int(11) DEFAULT NULL,
  `type` varchar(255) DEFAULT NULL,
  PRIMARY KEY (`id`)
) ENGINE=InnoDB AUTO_INCREMENT=3 DEFAULT CHARSET=utf8;

/*Data for the table `cms_blog` */

insert  into `cms_blog`(`id`,`title`,`content`,`create_time`,`create_user_id`,`type`) values (1,'hello','我的博客，内容是。。。','2018-02-22 09:53:05',1,'F0'),(2,'cccc','过年回家','2018-02-13 10:30:01',1,'F0');

/*Table structure for table `sys_config` */

DROP TABLE IF EXISTS `sys_config`;

CREATE TABLE `sys_config` (
  `id` bigint(20) NOT NULL COMMENT '主键',
  `name` varchar(200) NOT NULL COMMENT '名称',
  `code` varchar(200) NOT NULL COMMENT '属性编码标识',
  `dict_flag` char(1) NOT NULL COMMENT '是否是字典中的值',
  `dict_type_id` bigint(20) DEFAULT NULL COMMENT '字典类型的编码',
  `value` varchar(200) NOT NULL COMMENT '属性值，如果是字典中的类型，则为dict的code',
  `remark` varchar(200) DEFAULT NULL COMMENT '备注',
  `create_time` datetime DEFAULT NULL COMMENT '创建时间',
  `create_user` bigint(20) DEFAULT NULL COMMENT '创建人',
  `update_time` datetime DEFAULT NULL COMMENT '更新时间',
  `update_user` bigint(20) DEFAULT NULL COMMENT '更新人',
  PRIMARY KEY (`id`) USING BTREE
) ENGINE=InnoDB DEFAULT CHARSET=utf8 ROW_FORMAT=DYNAMIC COMMENT='参数配置';

/*Data for the table `sys_config` */

insert  into `sys_config`(`id`,`name`,`code`,`dict_flag`,`dict_type_id`,`value`,`remark`,`create_time`,`create_user`,`update_time`,`update_user`) values (1143324237579165697,'验证码开关','GUNS_KAPTCHA_OPEN','Y',1106120265689055233,'DISABLE','是否开启验证码','2019-06-24 12:46:43',1,'2020-01-10 10:52:55',1),(1143386834613694465,'阿里云短信的keyId','GUNS_SMS_ACCESSKEY_ID','N',NULL,'xxxkey','阿里云短信的密钥key','2019-06-25 13:13:59',1,'2019-06-25 13:19:21',1),(1143386953933254657,'阿里云短信的secret','GUNS_SMS_ACCESSKEY_SECRET','N',NULL,'xxxsecret','阿里云短信的secret','2019-06-25 13:14:28',1,NULL,NULL),(1143387023449649154,'阿里云短信的签名','GUNS_SMS_SIGN_NAME','N',NULL,'xxxsign','阿里云短信的签名','2019-06-25 13:14:44',1,NULL,NULL),(1143387131109044225,'阿里云短信登录的模板号','GUNS_SMS_LOGIN_TEMPLATE_CODE','N',NULL,'SMS_XXXXXX','阿里云短信登录的模板号','2019-06-25 13:15:10',1,NULL,NULL),(1143387225019510785,'验证码短信失效时间','GUNS_SMS_INVALIDATE_MINUTES','N',NULL,'5','验证码短信失效时间','2019-06-25 13:15:32',1,'2020-01-10 10:52:00',1),(1143468689664876546,'管理系统名称','GUNS_SYSTEM_NAME','N',NULL,'紫萝园社区平台','管理系统名称','2019-06-25 18:39:15',1,'2020-01-11 01:27:34',1),(1143468867767607297,'默认系统密码','GUNS_DEFAULT_PASSWORD','N',NULL,'1','默认系统密码','2019-06-25 18:39:57',1,'2020-01-10 10:51:20',1),(1143469008025133058,'OAuth2登录用户的账号标识','GUNS_OAUTH2_PREFIX','N',NULL,'oauth2','OAuth2登录用户的账号标识','2019-06-25 18:40:31',1,NULL,NULL),(1145207130463191041,'顶部导航条是否开启','GUNS_DEFAULT_ADVERT','Y',1106120265689055233,'ENABLE','顶部 广告 是否开启','2019-06-30 13:47:11',1,'2020-01-10 13:14:11',1),(1145915627211370498,'Guns发布的编号','GUNS_SYSTEM_RELEASE_VERSION','N',NULL,'20191025','用于防止浏览器缓存相关的js和css','2019-07-02 12:42:30',1,NULL,NULL),(1145915627211370499,'文件上传路径','GUNS_FILE_UPLOAD_PATH','N',NULL,'/Users/stylefeng/tmp/gunsTempFiles/','文件上传默认目录','2019-08-30 09:10:40',1,NULL,NULL),(1145915627211370500,'BPMN文件上传路径','GUNS_BPMN_FILE_UPLOAD_PATH','N',NULL,'/Users/stylefeng/tmp/gunsTempFiles/','工作流文件上传默认目录','2019-08-30 09:10:40',1,NULL,NULL),(1145915627211370501,'获取系统地密钥过期时间','GUNS_JWT_SECRET_EXPIRE','N',NULL,'86400','获取系统地密钥过期时间（单位：秒），默认1天','2019-10-16 23:02:39',1,NULL,NULL),(1145915627211370502,'获取token的header标识','GUNS_TOKEN_HEADER_NAME','N',NULL,'Authorization','获取token的header标识','2019-10-16 23:02:39',1,NULL,NULL),(1145915627211370503,'获取租户是否开启的标识','GUNS_TENANT_OPEN','Y',1106120265689055233,'DISABLE','获取租户是否开启的标识，默认是关的','2019-10-16 23:02:39',1,NULL,NULL);

/*Table structure for table `sys_dept` */

DROP TABLE IF EXISTS `sys_dept`;

CREATE TABLE `sys_dept` (
  `dept_id` bigint(20) NOT NULL COMMENT '主键id',
  `pid` bigint(20) DEFAULT '0' COMMENT '父部门id',
  `pids` varchar(512) DEFAULT '' COMMENT '父级ids',
  `simple_name` varchar(45) DEFAULT NULL COMMENT '简称',
  `full_name` varchar(255) DEFAULT NULL COMMENT '全称',
  `description` varchar(255) DEFAULT NULL COMMENT '描述',
  `version` int(11) DEFAULT NULL COMMENT '版本（乐观锁保留字段）',
  `sort` int(11) DEFAULT NULL COMMENT '排序',
  `create_time` datetime DEFAULT NULL COMMENT '创建时间',
  `update_time` datetime DEFAULT NULL COMMENT '修改时间',
  `create_user` bigint(20) DEFAULT NULL COMMENT '创建人',
  `update_user` bigint(20) DEFAULT NULL COMMENT '修改人',
  PRIMARY KEY (`dept_id`) USING BTREE
) ENGINE=InnoDB DEFAULT CHARSET=utf8 ROW_FORMAT=DYNAMIC COMMENT='部门表';

/*Data for the table `sys_dept` */

insert  into `sys_dept`(`dept_id`,`pid`,`pids`,`simple_name`,`full_name`,`description`,`version`,`sort`,`create_time`,`update_time`,`create_user`,`update_user`) values (24,0,'[0],','总公司','总公司','',NULL,1,NULL,NULL,NULL,NULL),(25,24,'[0],[24],','开发部','开发部','',NULL,2,NULL,NULL,NULL,NULL),(26,24,'[0],[24],','运营部','运营部','',NULL,3,NULL,NULL,NULL,NULL),(27,24,'[0],[24],','战略部','战略部','',NULL,4,NULL,NULL,NULL,NULL);

/*Table structure for table `sys_dict` */

DROP TABLE IF EXISTS `sys_dict`;

CREATE TABLE `sys_dict` (
  `dict_id` bigint(20) NOT NULL COMMENT '字典id',
  `dict_type_id` bigint(20) NOT NULL COMMENT '所属字典类型的id',
  `code` varchar(50) NOT NULL COMMENT '字典编码',
  `name` varchar(255) NOT NULL COMMENT '字典名称',
  `parent_id` bigint(20) NOT NULL COMMENT '上级代码id',
  `parent_ids` varchar(255) DEFAULT NULL COMMENT '所有上级id',
  `status` varchar(10) NOT NULL DEFAULT 'ENABLE' COMMENT '状态（字典）',
  `sort` int(11) DEFAULT NULL COMMENT '排序',
  `description` varchar(1000) DEFAULT NULL COMMENT '字典的描述',
  `create_time` datetime DEFAULT NULL COMMENT '创建时间',
  `update_time` datetime DEFAULT NULL COMMENT '更新时间',
  `create_user` bigint(20) DEFAULT NULL COMMENT '创建人',
  `update_user` bigint(20) DEFAULT NULL COMMENT '修改人',
  PRIMARY KEY (`dict_id`) USING BTREE
) ENGINE=InnoDB DEFAULT CHARSET=utf8 ROW_FORMAT=DYNAMIC COMMENT='基础字典';

/*Data for the table `sys_dict` */

insert  into `sys_dict`(`dict_id`,`dict_type_id`,`code`,`name`,`parent_id`,`parent_ids`,`status`,`sort`,`description`,`create_time`,`update_time`,`create_user`,`update_user`) values (1106120532442595330,1106120208097067009,'M','男',0,'[0]','ENABLE',NULL,'','2019-03-14 17:11:00',NULL,1,NULL),(1106120574163337218,1106120208097067009,'F','女',0,'[0]','ENABLE',NULL,'','2019-03-14 17:11:10',NULL,1,NULL),(1106120645697191938,1106120265689055233,'ENABLE','启用',0,'[0]','ENABLE',NULL,'','2019-03-14 17:11:27',NULL,1,NULL),(1106120699468169217,1106120265689055233,'DISABLE','禁用',0,'[0]','ENABLE',NULL,'','2019-03-14 17:11:40',NULL,1,NULL),(1106120784318939137,1106120322450571266,'ENABLE','启用',0,'[0]','ENABLE',NULL,'','2019-03-14 17:12:00',NULL,1,NULL),(1106120825993543682,1106120322450571266,'FREEZE','冻结',0,'[0]','ENABLE',1,'','2019-03-14 17:12:10','2019-03-16 10:56:36',1,1),(1106120875872206849,1106120322450571266,'DELETED','已删除',0,'[0]','ENABLE',-1221,'','2019-03-14 17:12:22','2019-03-16 10:56:53',1,1),(1106120935070613505,1106120388036902914,'Y','删除',0,'[0]','ENABLE',23333,'','2019-03-14 17:12:36','2019-03-16 10:58:53',1,1),(1106120968910258177,1106120388036902914,'N','未删除',0,'[0]','ENABLE',1212211221,'','2019-03-14 17:12:44','2019-03-16 10:59:03',1,1),(1149218674746355713,1149217131989069826,'BASE_SYSTEM','系统管理',0,'[0]','ENABLE',1,'系统管理平台','2019-07-11 15:27:38','2019-07-11 20:27:14',1,1),(1160533174626959361,1160532704105742337,'00101','办公审批',0,'[0]','ENABLE',10,'','2019-08-11 20:47:25',NULL,1,NULL),(1160533264645111810,1160532704105742337,'00102','行政审批',0,'[0]','ENABLE',20,'','2019-08-11 20:47:47',NULL,1,NULL),(1160533377727741954,1160532775455047681,'KEY_LEAVE','请假流程标识',0,'[0]','ENABLE',10,'','2019-08-11 20:48:14',NULL,1,NULL),(1160533455343337474,1160532775455047681,'KEY_FINANCE','财务流程标识',0,'[0]','ENABLE',20,'','2019-08-11 20:48:32',NULL,1,NULL),(1160533574843252737,1160532886713155585,'00401','事假',0,'[0]','ENABLE',10,'','2019-08-11 20:49:01',NULL,1,NULL),(1160533625615302658,1160532886713155585,'00402','婚假',0,'[0]','ENABLE',20,'','2019-08-11 20:49:13',NULL,1,NULL),(1160533707215486977,1160532886713155585,'00403','产假',0,'[0]','ENABLE',30,'','2019-08-11 20:49:32',NULL,1,NULL),(1160533765403066370,1160532886713155585,'00404','病假',0,'[0]','ENABLE',40,'','2019-08-11 20:49:46',NULL,1,NULL),(1160533863834992641,1160532886713155585,'00405','公假',0,'[0]','ENABLE',50,'','2019-08-11 20:50:09',NULL,1,NULL),(1160533945309347841,1160532886713155585,'00406','年假',0,'[0]','ENABLE',60,'','2019-08-11 20:50:29',NULL,1,NULL),(1160534007389241346,1160532886713155585,'00407','其他',0,'[0]','ENABLE',70,'','2019-08-11 20:50:44',NULL,1,NULL);

/*Table structure for table `sys_dict_type` */

DROP TABLE IF EXISTS `sys_dict_type`;

CREATE TABLE `sys_dict_type` (
  `dict_type_id` bigint(20) NOT NULL COMMENT '字典类型id',
  `code` varchar(255) NOT NULL COMMENT '字典类型编码',
  `name` varchar(255) NOT NULL COMMENT '字典类型名称',
  `description` varchar(1000) DEFAULT NULL COMMENT '字典描述',
  `system_flag` char(1) CHARACTER SET utf8 COLLATE utf8_bin NOT NULL COMMENT '是否是系统字典，Y-是，N-否',
  `status` varchar(10) NOT NULL DEFAULT 'ENABLE' COMMENT '状态(字典)',
  `sort` int(11) DEFAULT NULL COMMENT '排序',
  `create_time` datetime DEFAULT NULL COMMENT '添加时间',
  `create_user` bigint(20) DEFAULT NULL COMMENT '创建人',
  `update_time` datetime DEFAULT NULL COMMENT '修改时间',
  `update_user` bigint(20) DEFAULT NULL COMMENT '修改人',
  PRIMARY KEY (`dict_type_id`) USING BTREE
) ENGINE=InnoDB DEFAULT CHARSET=utf8 ROW_FORMAT=DYNAMIC COMMENT='字典类型表';

/*Data for the table `sys_dict_type` */

insert  into `sys_dict_type`(`dict_type_id`,`code`,`name`,`description`,`system_flag`,`status`,`sort`,`create_time`,`create_user`,`update_time`,`update_user`) values (1106120208097067009,'SEX','性别','','Y','ENABLE',4,'2019-03-14 17:09:43',1,NULL,NULL),(1106120265689055233,'STATUS','状态','','Y','ENABLE',3,'2019-03-14 17:09:57',1,NULL,NULL),(1106120322450571266,'ACCOUNT_STATUS','账号状态','','Y','ENABLE',40,'2019-03-14 17:10:10',1,'2019-08-11 20:46:38',1),(1106120388036902914,'DEL_FLAG','是否删除','','Y','ENABLE',2,'2019-03-14 17:10:26',1,'2019-03-27 16:26:31',1),(1149217131989069826,'SYSTEM_TYPE','系统分类','系统所有分类的维护','Y','ENABLE',50,'2019-07-11 15:21:30',1,'2019-08-11 20:46:47',1),(1160532704105742337,'FLOW_CATEGARY','工作流分类','工作流分类','Y','ENABLE',60,'2019-08-11 20:45:33',1,NULL,NULL),(1160532775455047681,'FLOW_KEY','工作流标识','工作流标识','Y','ENABLE',70,'2019-08-11 20:45:50',1,NULL,NULL),(1160532886713155585,'LEAVE_TYPE','请假类型','请假类型','Y','ENABLE',80,'2019-08-11 20:46:17',1,'2019-08-11 20:46:23',1);

/*Table structure for table `sys_file_info` */

DROP TABLE IF EXISTS `sys_file_info`;

CREATE TABLE `sys_file_info` (
  `file_id` varchar(50) NOT NULL COMMENT '主键id',
  `file_bucket` varchar(100) DEFAULT NULL COMMENT '文件仓库（oss仓库）',
  `file_name` varchar(100) NOT NULL COMMENT '文件名称',
  `file_suffix` varchar(50) DEFAULT NULL COMMENT '文件后缀',
  `file_size_kb` bigint(20) DEFAULT NULL COMMENT '文件大小kb',
  `final_name` varchar(100) NOT NULL COMMENT '文件唯一标识id',
  `file_path` varchar(1000) DEFAULT NULL COMMENT '存储路径',
  `create_time` datetime DEFAULT NULL COMMENT '创建时间',
  `update_time` datetime DEFAULT NULL COMMENT '修改时间',
  `create_user` bigint(20) DEFAULT NULL COMMENT '创建用户',
  `update_user` bigint(20) DEFAULT NULL COMMENT '修改用户',
  PRIMARY KEY (`file_id`) USING BTREE
) ENGINE=InnoDB DEFAULT CHARSET=utf8 ROW_FORMAT=DYNAMIC COMMENT='文件信息表';

/*Data for the table `sys_file_info` */

insert  into `sys_file_info`(`file_id`,`file_bucket`,`file_name`,`file_suffix`,`file_size_kb`,`final_name`,`file_path`,`create_time`,`update_time`,`create_user`,`update_user`) values ('1167385745179131905',NULL,'请假流程.bpmn20.xml','xml',6,'1167385745179131905.xml','/Users/stylefeng/tmp/gunsTempFiles/1167385745179131905.xml','2019-08-30 18:37:05',NULL,1,NULL);

/*Table structure for table `sys_login_log` */

DROP TABLE IF EXISTS `sys_login_log`;

CREATE TABLE `sys_login_log` (
  `login_log_id` bigint(20) NOT NULL COMMENT '主键',
  `log_name` varchar(255) DEFAULT NULL COMMENT '日志名称',
  `user_id` bigint(20) DEFAULT NULL COMMENT '管理员id',
  `create_time` datetime DEFAULT NULL COMMENT '创建时间',
  `succeed` varchar(255) DEFAULT NULL COMMENT '是否执行成功',
  `message` text CHARACTER SET utf8 COLLATE utf8_bin COMMENT '具体消息',
  `ip_address` varchar(255) DEFAULT NULL COMMENT '登录ip',
  PRIMARY KEY (`login_log_id`) USING BTREE
) ENGINE=InnoDB DEFAULT CHARSET=utf8 ROW_FORMAT=DYNAMIC COMMENT='登录记录';

/*Data for the table `sys_login_log` */

insert  into `sys_login_log`(`login_log_id`,`log_name`,`user_id`,`create_time`,`succeed`,`message`,`ip_address`) values (1215444601175900161,'登录日志',1,'2020-01-10 09:25:49','成功',NULL,'0:0:0:0:0:0:0:1'),(1215461250948001794,'登录日志',1,'2020-01-10 10:31:48','成功',NULL,'0:0:0:0:0:0:0:1'),(1215462028450328577,'退出日志',1,'2020-01-10 10:35:04','成功',NULL,'0:0:0:0:0:0:0:1'),(1215462520840646658,'登录日志',1,'2020-01-10 10:37:01','成功',NULL,'0:0:0:0:0:0:0:1'),(1215463277052686338,'退出日志',1,'2020-01-10 10:40:02','成功',NULL,'0:0:0:0:0:0:0:1'),(1215463304575709185,'登录日志',1,'2020-01-10 10:40:08','成功',NULL,'0:0:0:0:0:0:0:1'),(1215464251154624513,'退出日志',1,'2020-01-10 10:43:54','成功',NULL,'0:0:0:0:0:0:0:1'),(1215464269651505153,'登录日志',1,'2020-01-10 10:43:58','成功',NULL,'0:0:0:0:0:0:0:1'),(1215466400282439682,'退出日志',1,'2020-01-10 10:52:26','成功',NULL,'0:0:0:0:0:0:0:1'),(1215466453596237826,'登录日志',1,'2020-01-10 10:52:39','成功',NULL,'0:0:0:0:0:0:0:1'),(1215467981623107586,'登录日志',1,'2020-01-10 10:58:43','成功',NULL,'0:0:0:0:0:0:0:1'),(1215473298582859778,'登录日志',1,'2020-01-10 11:19:50','成功',NULL,'0:0:0:0:0:0:0:1'),(1215475857921994753,'退出日志',1,'2020-01-10 11:30:01','成功',NULL,'0:0:0:0:0:0:0:1'),(1215475877811384321,'登录日志',1,'2020-01-10 11:30:06','成功',NULL,'0:0:0:0:0:0:0:1'),(1215482595438006273,'登录日志',1,'2020-01-10 11:56:47','成功',NULL,'0:0:0:0:0:0:0:1'),(1215482831799681025,'登录日志',1,'2020-01-10 11:57:43','成功',NULL,'0:0:0:0:0:0:0:1'),(1215504890428723201,'登录日志',1,'2020-01-10 13:25:22','成功',NULL,'0:0:0:0:0:0:0:1'),(1215506718885163010,'登录日志',1,'2020-01-10 13:32:39','成功',NULL,'0:0:0:0:0:0:0:1'),(1215508605772509186,'退出日志',1,'2020-01-10 13:40:09','成功',NULL,'0:0:0:0:0:0:0:1'),(1215508628375613442,'登录日志',1,'2020-01-10 13:40:14','成功',NULL,'0:0:0:0:0:0:0:1'),(1215542051882463234,'登录日志',1,'2020-01-10 15:53:02','成功',NULL,'0:0:0:0:0:0:0:1'),(1215546149449093121,'登录日志',1,'2020-01-10 16:09:19','成功',NULL,'0:0:0:0:0:0:0:1'),(1215547339494690817,'登录日志',1,'2020-01-10 16:14:03','成功',NULL,'0:0:0:0:0:0:0:1'),(1215550396227928065,'登录日志',1,'2020-01-10 16:26:12','成功',NULL,'0:0:0:0:0:0:0:1'),(1215551619853242369,'登录日志',1,'2020-01-10 16:31:03','成功',NULL,'0:0:0:0:0:0:0:1'),(1215560792242450433,'登录日志',1,'2020-01-10 17:07:30','成功',NULL,'0:0:0:0:0:0:0:1'),(1215563302327828482,'登录日志',1,'2020-01-10 17:17:29','成功',NULL,'0:0:0:0:0:0:0:1'),(1215567103461994498,'登录日志',1,'2020-01-10 17:32:35','成功',NULL,'0:0:0:0:0:0:0:1'),(1215686000231780353,'登录日志',1,'2020-01-11 01:25:02','成功',NULL,'0:0:0:0:0:0:0:1'),(1215686739461083137,'退出日志',1,'2020-01-11 01:27:59','成功',NULL,'0:0:0:0:0:0:0:1'),(1215808557572341762,'登录日志',1,'2020-01-11 09:32:02','成功',NULL,'0:0:0:0:0:0:0:1'),(1215809047827730433,'登录日志',1,'2020-01-11 09:33:58','成功',NULL,'0:0:0:0:0:0:0:1'),(1215902550154964994,'登录日志',1,'2020-01-11 15:45:31','成功',NULL,'0:0:0:0:0:0:0:1'),(1215903802746077185,'登录日志',1,'2020-01-11 15:50:30','成功',NULL,'0:0:0:0:0:0:0:1'),(1215904774394347521,'登录日志',1,'2020-01-11 15:54:23','成功',NULL,'0:0:0:0:0:0:0:1'),(1215908370917752834,'登录日志',1,'2020-01-11 16:08:40','成功',NULL,'0:0:0:0:0:0:0:1'),(1215963028055085058,'登录日志',1,'2020-01-11 19:45:50','成功',NULL,'0:0:0:0:0:0:0:1'),(1215964684721238017,'登录日志',1,'2020-01-11 19:52:25','成功',NULL,'0:0:0:0:0:0:0:1'),(1215968533175525377,'登录日志',1,'2020-01-11 20:07:43','成功',NULL,'0:0:0:0:0:0:0:1'),(1215972280551243777,'登录日志',1,'2020-01-11 20:22:36','成功',NULL,'0:0:0:0:0:0:0:1'),(1215974754171453441,'登录日志',1,'2020-01-11 20:32:26','成功',NULL,'0:0:0:0:0:0:0:1'),(1215979315757993985,'登录日志',1,'2020-01-11 20:50:34','成功',NULL,'0:0:0:0:0:0:0:1'),(1216207842268872706,'登录日志',1,'2020-01-12 11:58:38','成功',NULL,'0:0:0:0:0:0:0:1'),(1216209383847555074,'登录日志',1,'2020-01-12 12:04:46','成功',NULL,'0:0:0:0:0:0:0:1'),(1216212356875046914,'登录日志',1,'2020-01-12 12:16:35','成功',NULL,'0:0:0:0:0:0:0:1');

/*Table structure for table `sys_menu` */

DROP TABLE IF EXISTS `sys_menu`;

CREATE TABLE `sys_menu` (
  `menu_id` bigint(20) NOT NULL COMMENT '主键id',
  `code` varchar(255) DEFAULT NULL COMMENT '菜单编号',
  `pcode` varchar(255) DEFAULT NULL COMMENT '菜单父编号',
  `pcodes` varchar(255) DEFAULT NULL COMMENT '当前菜单的所有父菜单编号',
  `name` varchar(255) DEFAULT NULL COMMENT '菜单名称',
  `icon` varchar(255) DEFAULT NULL COMMENT '菜单图标',
  `url` varchar(255) DEFAULT NULL COMMENT 'url地址',
  `sort` int(65) DEFAULT NULL COMMENT '菜单排序号',
  `levels` int(65) DEFAULT NULL COMMENT '菜单层级',
  `menu_flag` varchar(32) DEFAULT NULL COMMENT '是否是菜单(字典)',
  `description` varchar(255) DEFAULT NULL COMMENT '备注',
  `status` varchar(32) DEFAULT 'ENABLE' COMMENT '菜单状态(字典)',
  `new_page_flag` varchar(32) DEFAULT NULL COMMENT '是否打开新页面的标识(字典)',
  `open_flag` varchar(32) DEFAULT NULL COMMENT '是否打开(字典)',
  `system_type` varchar(100) DEFAULT NULL COMMENT '系统分类(字典)',
  `create_time` datetime DEFAULT NULL COMMENT '创建时间',
  `update_time` datetime DEFAULT NULL COMMENT '修改时间',
  `create_user` bigint(20) DEFAULT NULL COMMENT '创建人',
  `update_user` bigint(20) DEFAULT NULL COMMENT '修改人',
  PRIMARY KEY (`menu_id`) USING BTREE
) ENGINE=InnoDB DEFAULT CHARSET=utf8 ROW_FORMAT=DYNAMIC COMMENT='菜单表';

/*Data for the table `sys_menu` */

insert  into `sys_menu`(`menu_id`,`code`,`pcode`,`pcodes`,`name`,`icon`,`url`,`sort`,`levels`,`menu_flag`,`description`,`status`,`new_page_flag`,`open_flag`,`system_type`,`create_time`,`update_time`,`create_user`,`update_user`) values (105,'system','0','[0],','权限管理','layui-icon layui-icon-set','#',20,1,'Y',NULL,'ENABLE',NULL,'1','BASE_SYSTEM',NULL,'2020-01-10 12:21:17',NULL,1),(106,'mgr','system','[0],[system],','用户管理','','/mgr',10,2,'Y',NULL,'ENABLE',NULL,'0','BASE_SYSTEM',NULL,'2020-01-10 12:21:17',NULL,1),(107,'mgr_add','mgr','[0],[system],[mgr],','添加用户',NULL,'/mgr/add',1,3,'N',NULL,'ENABLE',NULL,'0','BASE_SYSTEM',NULL,'2020-01-10 12:21:17',NULL,1),(108,'mgr_edit','mgr','[0],[system],[mgr],','修改用户',NULL,'/mgr/edit',2,3,'N',NULL,'ENABLE',NULL,'0','BASE_SYSTEM',NULL,'2020-01-10 12:21:17',NULL,1),(109,'mgr_delete','mgr','[0],[system],[mgr],','删除用户',NULL,'/mgr/delete',3,3,'N',NULL,'ENABLE',NULL,'0','BASE_SYSTEM',NULL,'2020-01-10 12:21:17',NULL,1),(110,'mgr_reset','mgr','[0],[system],[mgr],','重置密码',NULL,'/mgr/reset',4,3,'N',NULL,'ENABLE',NULL,'0','BASE_SYSTEM',NULL,'2020-01-10 12:21:17',NULL,1),(111,'mgr_freeze','mgr','[0],[system],[mgr],','冻结用户',NULL,'/mgr/freeze',5,3,'N',NULL,'ENABLE',NULL,'0','BASE_SYSTEM',NULL,'2020-01-10 12:21:17',NULL,1),(112,'mgr_unfreeze','mgr','[0],[system],[mgr],','解除冻结用户',NULL,'/mgr/unfreeze',6,3,'N',NULL,'ENABLE',NULL,'0','BASE_SYSTEM',NULL,'2020-01-10 12:21:17',NULL,1),(113,'mgr_setRole','mgr','[0],[system],[mgr],','分配角色',NULL,'/mgr/setRole',7,3,'N',NULL,'ENABLE',NULL,'0','BASE_SYSTEM',NULL,'2020-01-10 12:21:17',NULL,1),(114,'role','system','[0],[system],','角色管理','','/role',20,2,'Y',NULL,'ENABLE',NULL,'0','BASE_SYSTEM',NULL,'2020-01-10 12:21:17',NULL,1),(115,'role_add','role','[0],[system],[role],','添加角色',NULL,'/role/add',1,3,'N',NULL,'ENABLE',NULL,'0','BASE_SYSTEM',NULL,'2020-01-10 12:21:17',NULL,1),(116,'role_edit','role','[0],[system],[role],','修改角色',NULL,'/role/edit',2,3,'N',NULL,'ENABLE',NULL,'0','BASE_SYSTEM',NULL,'2020-01-10 12:21:17',NULL,1),(117,'role_remove','role','[0],[system],[role],','删除角色',NULL,'/role/remove',3,3,'N',NULL,'ENABLE',NULL,'0','BASE_SYSTEM',NULL,'2020-01-10 12:21:17',NULL,1),(118,'role_setAuthority','role','[0],[system],[role],','配置权限',NULL,'/role/setAuthority',4,3,'N',NULL,'ENABLE',NULL,'0','BASE_SYSTEM',NULL,'2020-01-10 12:21:17',NULL,1),(119,'menu','system','[0],[system],','菜单管理','','/menu',50,2,'Y',NULL,'ENABLE',NULL,'0','BASE_SYSTEM',NULL,'2020-01-10 12:21:17',NULL,1),(120,'menu_add','menu','[0],[system],[menu],','添加菜单',NULL,'/menu/add',1,3,'N',NULL,'ENABLE',NULL,'0','BASE_SYSTEM',NULL,'2020-01-10 12:21:17',NULL,1),(121,'menu_edit','menu','[0],[system],[menu],','修改菜单',NULL,'/menu/edit',2,3,'N',NULL,'ENABLE',NULL,'0','BASE_SYSTEM',NULL,'2020-01-10 12:21:17',NULL,1),(122,'menu_remove','menu','[0],[system],[menu],','删除菜单',NULL,'/menu/remove',3,3,'N',NULL,'ENABLE',NULL,'0','BASE_SYSTEM',NULL,'2020-01-10 12:21:17',NULL,1),(128,'log','system','[0],[system],','业务日志','','/log',70,2,'Y',NULL,'ENABLE',NULL,'0','BASE_SYSTEM',NULL,'2020-01-10 12:21:17',NULL,1),(130,'druid','system','[0],[system],','监控管理','','/druid',80,2,'Y',NULL,'ENABLE',NULL,NULL,'BASE_SYSTEM',NULL,'2020-01-10 12:21:17',NULL,1),(131,'dept','system','[0],[system],','部门管理','','/dept',30,2,'Y',NULL,'ENABLE',NULL,NULL,'BASE_SYSTEM',NULL,'2020-01-10 12:21:17',NULL,1),(132,'dict','system','[0],[system],','字典管理','','/dictType',40,2,'Y',NULL,'ENABLE',NULL,NULL,'BASE_SYSTEM',NULL,'2020-01-10 12:21:17',NULL,1),(133,'loginLog','system','[0],[system],','登录日志','','/loginLog',60,2,'Y',NULL,'ENABLE',NULL,NULL,'BASE_SYSTEM',NULL,'2020-01-10 12:21:17',NULL,1),(134,'log_clean','log','[0],[system],[log],','清空日志',NULL,'/log/delLog',3,3,'N',NULL,'ENABLE',NULL,NULL,'BASE_SYSTEM',NULL,'2020-01-10 12:21:17',NULL,1),(135,'dept_add','dept','[0],[system],[dept],','添加部门',NULL,'/dept/add',1,3,'N',NULL,'ENABLE',NULL,NULL,'BASE_SYSTEM',NULL,'2020-01-10 12:21:17',NULL,1),(136,'dept_update','dept','[0],[system],[dept],','修改部门',NULL,'/dept/update',1,3,'N',NULL,'ENABLE',NULL,NULL,'BASE_SYSTEM',NULL,'2020-01-10 12:21:17',NULL,1),(137,'dept_delete','dept','[0],[system],[dept],','删除部门',NULL,'/dept/delete',1,3,'N',NULL,'ENABLE',NULL,NULL,'BASE_SYSTEM',NULL,'2020-01-10 12:21:17',NULL,1),(138,'dict_add','dict','[0],[system],[dict],','添加字典',NULL,'/dictType/addItem',1,3,'N',NULL,'ENABLE',NULL,NULL,'BASE_SYSTEM',NULL,'2020-01-10 12:21:17',NULL,1),(139,'dict_update','dict','[0],[system],[dict],','修改字典',NULL,'/dictType/editItem',1,3,'N',NULL,'ENABLE',NULL,NULL,'BASE_SYSTEM',NULL,'2020-01-10 12:21:17',NULL,1),(140,'dict_delete','dict','[0],[system],[dict],','删除字典',NULL,'/dictType/delete',1,3,'N',NULL,'ENABLE',NULL,NULL,'BASE_SYSTEM',NULL,'2020-01-10 12:21:17',NULL,1),(141,'notice','system','[0],[system],','通知管理','','/notice',90,2,'Y',NULL,'ENABLE',NULL,NULL,'BASE_SYSTEM',NULL,'2020-01-10 12:21:17',NULL,1),(142,'notice_add','notice','[0],[system],[notice],','添加通知',NULL,'/notice/add',1,3,'N',NULL,'ENABLE',NULL,NULL,'BASE_SYSTEM',NULL,'2020-01-10 12:21:17',NULL,1),(143,'notice_update','notice','[0],[system],[notice],','修改通知',NULL,'/notice/update',2,3,'N',NULL,'ENABLE',NULL,NULL,'BASE_SYSTEM',NULL,'2020-01-10 12:21:17',NULL,1),(144,'notice_delete','notice','[0],[system],[notice],','删除通知',NULL,'/notice/delete',3,3,'N',NULL,'ENABLE',NULL,NULL,'BASE_SYSTEM',NULL,'2020-01-10 12:21:17',NULL,1),(145,'sys_message','dashboard','[0],[dashboard],','消息通知','layui-icon layui-icon-tips','/system/notice',30,2,'Y',NULL,'DISABLE',NULL,NULL,'BASE_SYSTEM',NULL,'2020-01-10 12:21:38',NULL,1),(149,'api_mgr','dev_tools','[0],[dev_tools],','接口文档','fa-leaf','/swagger-ui.html',30,2,'Y',NULL,'DISABLE',NULL,NULL,'BASE_SYSTEM',NULL,'2020-01-10 12:20:59',NULL,1),(150,'to_menu_edit','menu','[0],[system],[menu],','菜单编辑跳转','','/menu/menu_edit',4,3,'N',NULL,'ENABLE',NULL,NULL,'BASE_SYSTEM',NULL,'2020-01-10 12:21:17',NULL,1),(151,'menu_list','menu','[0],[system],[menu],','菜单列表','','/menu/list',5,3,'N',NULL,'ENABLE',NULL,NULL,'BASE_SYSTEM',NULL,'2020-01-10 12:21:17',NULL,1),(152,'to_dept_update','dept','[0],[system],[dept],','修改部门跳转','','/dept/dept_update',4,3,'N',NULL,'ENABLE',NULL,NULL,'BASE_SYSTEM',NULL,'2020-01-10 12:21:17',NULL,1),(153,'dept_list','dept','[0],[system],[dept],','部门列表','','/dept/list',5,3,'N',NULL,'ENABLE',NULL,NULL,'BASE_SYSTEM',NULL,'2020-01-10 12:21:17',NULL,1),(154,'dept_detail','dept','[0],[system],[dept],','部门详情','','/dept/detail',6,3,'N',NULL,'ENABLE',NULL,NULL,'BASE_SYSTEM',NULL,'2020-01-10 12:21:17',NULL,1),(155,'to_dict_edit','dict','[0],[system],[dict],','修改菜单跳转','','/dict/dict_edit',4,3,'N',NULL,'ENABLE',NULL,NULL,'BASE_SYSTEM',NULL,'2020-01-10 12:21:17',NULL,1),(156,'dict_list','dict','[0],[system],[dict],','字典列表','','/dict/list',5,3,'N',NULL,'ENABLE',NULL,NULL,'BASE_SYSTEM',NULL,'2020-01-10 12:21:17',NULL,1),(157,'dict_detail','dict','[0],[system],[dict],','字典详情','','/dict/detail',6,3,'N',NULL,'ENABLE',NULL,NULL,'BASE_SYSTEM',NULL,'2020-01-10 12:21:17',NULL,1),(158,'log_list','log','[0],[system],[log],','日志列表','','/log/list',2,3,'N',NULL,'ENABLE',NULL,NULL,'BASE_SYSTEM',NULL,'2020-01-10 12:21:17',NULL,1),(159,'log_detail','log','[0],[system],[log],','日志详情','','/log/detail',3,3,'N',NULL,'ENABLE',NULL,NULL,'BASE_SYSTEM',NULL,'2020-01-10 12:21:17',NULL,1),(160,'del_login_log','loginLog','[0],[system],[loginLog],','清空登录日志','','/loginLog/delLoginLog',1,3,'N',NULL,'ENABLE',NULL,NULL,'BASE_SYSTEM',NULL,'2020-01-10 12:21:17',NULL,1),(161,'login_log_list','loginLog','[0],[system],[loginLog],','登录日志列表','','/loginLog/list',2,3,'N',NULL,'ENABLE',NULL,NULL,'BASE_SYSTEM',NULL,'2020-01-10 12:21:17',NULL,1),(162,'to_role_edit','role','[0],[system],[role],','修改角色跳转','','/role/role_edit',5,3,'N',NULL,'ENABLE',NULL,NULL,'BASE_SYSTEM',NULL,'2020-01-10 12:21:17',NULL,1),(163,'to_role_assign','role','[0],[system],[role],','角色分配跳转','','/role/role_assign',6,3,'N',NULL,'ENABLE',NULL,NULL,'BASE_SYSTEM',NULL,'2020-01-10 12:21:17',NULL,1),(164,'role_list','role','[0],[system],[role],','角色列表','','/role/list',7,3,'N',NULL,'ENABLE',NULL,NULL,'BASE_SYSTEM',NULL,'2020-01-10 12:21:17',NULL,1),(165,'to_assign_role','mgr','[0],[system],[mgr],','分配角色跳转','','/mgr/role_assign',8,3,'N',NULL,'ENABLE',NULL,NULL,'BASE_SYSTEM',NULL,'2020-01-10 12:21:17',NULL,1),(166,'to_user_edit','mgr','[0],[system],[mgr],','编辑用户跳转','','/mgr/user_edit',9,3,'N',NULL,'ENABLE',NULL,NULL,'BASE_SYSTEM',NULL,'2020-01-10 12:21:17',NULL,1),(167,'mgr_list','mgr','[0],[system],[mgr],','用户列表','','/mgr/list',10,3,'N',NULL,'ENABLE',NULL,NULL,'BASE_SYSTEM',NULL,'2020-01-10 12:21:17',NULL,1),(171,'dev_tools','0','[0],','系统管理','layui-icon layui-icon-code-circle','#',30,1,'Y',NULL,'ENABLE',NULL,NULL,'BASE_SYSTEM',NULL,'2020-01-10 12:20:59',NULL,1),(172,'dashboard','0','[0],','主页','layui-icon layui-icon-home','#',10,1,'Y',NULL,'ENABLE',NULL,NULL,'BASE_SYSTEM',NULL,'2020-01-10 12:21:38',NULL,1),(1111545968697860098,'console','dashboard','[0],[dashboard],','项目介绍','','/system/console',10,2,'Y',NULL,'ENABLE',NULL,NULL,'BASE_SYSTEM','2019-03-29 16:29:45','2020-01-10 12:21:38',1,1),(1111546189892870145,'console2','dashboard','[0],[dashboard],','统计报表','','/system/console2',20,2,'Y',NULL,'ENABLE',NULL,NULL,'BASE_SYSTEM','2019-03-29 16:30:38','2020-01-10 12:21:38',1,1),(1139826657964593154,'meta_data','dev_tools','[0],[dev_tools],','系统配置','','#',10,2,'Y',NULL,'ENABLE',NULL,NULL,'BASE_SYSTEM','2019-06-15 17:27:07','2020-01-10 12:20:59',1,1),(1142957882422112257,'SYS_CONFIG','meta_data','[0],[dev_tools],[meta_data],','参数配置','fa-star','/sysConfig',5,3,'Y','','ENABLE','','','BASE_SYSTEM','2019-06-24 08:49:28','2020-01-10 12:20:59',1,1),(1142957882422112258,'SYS_CONFIG_ADD','SYS_CONFIG','[0],[dev_tools],[meta_data],[SYS_CONFIG],','参数配置添加','fa-star','',999,4,'N','','ENABLE','','','BASE_SYSTEM','2019-06-24 08:49:28','2020-01-10 12:20:59',1,1),(1142957882422112259,'SYS_CONFIG_EDIT','SYS_CONFIG','[0],[dev_tools],[meta_data],[SYS_CONFIG],','参数配置修改','fa-star','',999,4,'N','','ENABLE','','','BASE_SYSTEM','2019-06-24 08:49:28','2020-01-10 12:20:59',1,1),(1142957882426306562,'SYS_CONFIG_DELETE','SYS_CONFIG','[0],[dev_tools],[meta_data],[SYS_CONFIG],','参数配置删除','fa-star','',999,4,'N','','ENABLE','','','BASE_SYSTEM','2019-06-24 08:49:28','2020-01-10 12:20:59',1,1),(1144441072852684801,'SYS_POSITION','system','[0],[system],','职位管理','fa-star','/position',35,2,'Y','','ENABLE','','','BASE_SYSTEM','2019-06-28 11:03:09','2020-01-10 12:21:17',1,1),(1144441072852684802,'SYS_POSITION_ADD','SYS_POSITION','[0],[system],[SYS_POSITION],','职位表添加','fa-star','',999,3,'N','','ENABLE','','','BASE_SYSTEM','2019-06-28 11:03:09','2020-01-10 12:21:17',1,1),(1144441072852684803,'SYS_POSITION_EDIT','SYS_POSITION','[0],[system],[SYS_POSITION],','职位表修改','fa-star','',999,3,'N','','ENABLE','','','BASE_SYSTEM','2019-06-28 11:03:09','2020-01-10 12:21:17',1,1),(1144441072852684804,'SYS_POSITION_DELETE','SYS_POSITION','[0],[system],[SYS_POSITION],','职位表删除','fa-star','',999,3,'N','','ENABLE','','','BASE_SYSTEM','2019-06-28 11:03:09','2020-01-10 12:21:17',1,1),(1149955324929765378,'system_info','dashboard','[0],[dashboard],','系统监控','layui-icon-star-fill','/system/systemInfo',40,2,'Y',NULL,'DISABLE',NULL,NULL,'BASE_SYSTEM','2019-07-13 16:14:49','2020-01-10 12:21:38',1,1),(1215483532235866113,'wechat_system','0','[0],','公众号管理','layui-icon-login-wechat','#',40,1,'Y',NULL,'ENABLE',NULL,NULL,'BASE_SYSTEM','2020-01-10 12:00:31','2020-01-10 12:20:02',1,1),(1215485477654724609,'wechat_index','wechat_menu','[0],[wechat_system],[wechat_menu],','咱。社区','layui-icon-star-fill','/admin/index',1,3,'Y',NULL,'ENABLE',NULL,NULL,'BASE_SYSTEM','2020-01-10 12:08:15','2020-01-10 13:36:41',1,1),(1215485688196202498,'wechat_office','wechat_menu','[0],[wechat_system],[wechat_menu],','办事指南','layui-icon-star-fill','/admin/office',2,3,'Y',NULL,'ENABLE',NULL,NULL,'BASE_SYSTEM','2020-01-10 12:09:05','2020-01-10 13:36:41',1,1),(1215485842978603009,'wechat_appoint','wechat_menu','[0],[wechat_system],[wechat_menu],','线上服务预约','layui-icon-star-fill','/admin/appoint',3,3,'Y',NULL,'ENABLE',NULL,NULL,'BASE_SYSTEM','2020-01-10 12:09:42','2020-01-10 13:36:41',1,1),(1215486007097524225,'wechat_event','wechat_menu','[0],[wechat_system],[wechat_menu],','线上活动报名','layui-icon-star-fill','/admin/event',4,3,'Y',NULL,'ENABLE',NULL,NULL,'BASE_SYSTEM','2020-01-10 12:10:21','2020-01-10 13:36:41',1,1),(1215486567813054466,'wechat_appeal','wechat_menu','[0],[wechat_system],[wechat_menu],','社区接诉即办','layui-icon-star-fill','/admin/appeal',5,3,'Y',NULL,'ENABLE',NULL,NULL,'BASE_SYSTEM','2020-01-10 12:12:35','2020-01-10 13:36:41',1,1),(1215487233302298625,'wechat_read','wechat_menu','[0],[wechat_system],[wechat_menu],','电子阅览','layui-icon-star-fill','/admin/read',7,3,'Y',NULL,'ENABLE',NULL,NULL,'BASE_SYSTEM','2020-01-10 12:15:13','2020-01-10 13:36:41',1,1),(1215487499082760193,'wechat_code','wechat_menu','[0],[wechat_system],[wechat_menu],','公益积分','layui-icon-star-fill','/admin/code',8,3,'Y',NULL,'ENABLE',NULL,NULL,'BASE_SYSTEM','2020-01-10 12:16:17','2020-01-10 13:36:41',1,1),(1215488050134614017,'wechat_home','wechat_menu','[0],[wechat_system],[wechat_menu],','一刻钟生活圈','layui-icon-star-fill','/admin/home',9,3,'Y',NULL,'ENABLE',NULL,NULL,'BASE_SYSTEM','2020-01-10 12:18:28','2020-01-10 13:36:41',1,1),(1215488160096681985,'wechat_volunteer','wechat_menu','[0],[wechat_system],[wechat_menu],','志愿者招募','layui-icon-star-fill','/admin/volunteer',10,3,'Y',NULL,'ENABLE',NULL,NULL,'BASE_SYSTEM','2020-01-10 12:18:54','2020-01-10 13:36:41',1,1),(1215507184289329154,'wechat_menu','wechat_system','[0],[wechat_system],','业务管理','layui-icon-star-fill','#',1,2,'Y',NULL,'ENABLE',NULL,NULL,'BASE_SYSTEM','2020-01-10 13:34:30','2020-01-10 13:36:41',1,1);

/*Table structure for table `sys_notice` */

DROP TABLE IF EXISTS `sys_notice`;

CREATE TABLE `sys_notice` (
  `notice_id` bigint(20) NOT NULL COMMENT '主键',
  `title` varchar(255) DEFAULT NULL COMMENT '标题',
  `content` text CHARACTER SET utf8 COLLATE utf8_bin COMMENT '内容',
  `create_time` datetime DEFAULT NULL COMMENT '创建时间',
  `create_user` bigint(20) DEFAULT NULL COMMENT '创建人',
  `update_time` datetime DEFAULT NULL COMMENT '修改时间',
  `update_user` bigint(20) DEFAULT NULL COMMENT '修改人',
  PRIMARY KEY (`notice_id`) USING BTREE
) ENGINE=InnoDB DEFAULT CHARSET=utf8 ROW_FORMAT=DYNAMIC COMMENT='通知表';

/*Data for the table `sys_notice` */

insert  into `sys_notice`(`notice_id`,`title`,`content`,`create_time`,`create_user`,`update_time`,`update_user`) values (6,'欢迎','hi，Guns旗舰版发布了！','2017-01-11 08:53:20',1,'2018-12-28 23:24:48',1),(8,'你好','你好，世界！','2017-05-10 19:28:57',1,'2018-12-28 23:28:26',1);

/*Table structure for table `sys_operation_log` */

DROP TABLE IF EXISTS `sys_operation_log`;

CREATE TABLE `sys_operation_log` (
  `operation_log_id` bigint(20) NOT NULL COMMENT '主键',
  `log_type` varchar(32) DEFAULT NULL COMMENT '日志类型(字典)',
  `log_name` varchar(255) DEFAULT NULL COMMENT '日志名称',
  `user_id` bigint(65) DEFAULT NULL COMMENT '用户id',
  `class_name` varchar(255) DEFAULT NULL COMMENT '类名称',
  `method` text CHARACTER SET utf8 COLLATE utf8_bin COMMENT '方法名称',
  `create_time` datetime DEFAULT NULL COMMENT '创建时间',
  `succeed` varchar(32) DEFAULT NULL COMMENT '是否成功(字典)',
  `message` text CHARACTER SET utf8 COLLATE utf8_bin COMMENT '备注',
  PRIMARY KEY (`operation_log_id`) USING BTREE
) ENGINE=InnoDB DEFAULT CHARSET=utf8 ROW_FORMAT=DYNAMIC COMMENT='操作日志';

/*Data for the table `sys_operation_log` */

insert  into `sys_operation_log`(`operation_log_id`,`log_type`,`log_name`,`user_id`,`class_name`,`method`,`create_time`,`succeed`,`message`) values (1215465317812269058,'业务日志','修改菜单',1,'cn.stylefeng.guns.sys.modular.system.controller.MenuController','edit','2020-01-10 10:48:08','成功','菜单名称=后台系统管理;;;字段名称:菜单名称,旧值:系统管理,新值:后台系统管理'),(1215465422107832322,'业务日志','修改菜单',1,'cn.stylefeng.guns.sys.modular.system.controller.MenuController','edit','2020-01-10 10:48:33','成功','菜单名称=系统管理;;;字段名称:菜单名称,旧值:后台系统管理,新值:系统管理'),(1215473799827353601,'业务日志','修改管理员',1,'cn.stylefeng.guns.sys.modular.system.controller.UserMgrController','edit','2020-01-10 11:21:50','成功','账号=admin;;;'),(1215482595438006274,'异常日志','',1,NULL,NULL,'2020-01-10 11:56:47','失败','org.springframework.jdbc.BadSqlGrammarException: \r\n### Error querying database.  Cause: java.sql.SQLSyntaxErrorException: Unknown column \'m1.menu_status\' in \'where clause\'\r\n### The error may exist in file [D:\\guns\\guns\\guns-base-support\\guns-sys\\target\\classes\\cn\\stylefeng\\guns\\sys\\modular\\system\\mapper\\mapping\\MenuMapper.xml]\r\n### The error may involve defaultParameterMap\r\n### The error occurred while setting parameters\r\n### SQL: SELECT         m1.menu_id AS id,         m1.code AS code,         m1.icon AS icon,         (         CASE         WHEN (m2.menu_id = 0 OR m2.menu_id IS NULL) THEN         0         ELSE         m2.menu_id         END         ) AS \"parentId\",         m1.name as name,         m1.url as url,         m1.levels as levels,         m1.menu_flag as ismenu,         m1.system_type as systemType,         m1.sort as num         FROM         sys_menu m1         LEFT join sys_menu m2 ON m1.pcode = m2.code         INNER JOIN (         SELECT         menu_id         FROM         sys_menu         WHERE         menu_id IN (         SELECT         menu_id         FROM         sys_relation rela         WHERE         rela.role_id IN          (               ?          )          )         ) m3 ON m1.menu_id = m3.menu_id         where m1.menu_flag = \'Y\' and m1.menu_status = \'ENABLE\'         order by levels,m1.sort asc\r\n### Cause: java.sql.SQLSyntaxErrorException: Unknown column \'m1.menu_status\' in \'where clause\'\n; bad SQL grammar []; nested exception is java.sql.SQLSyntaxErrorException: Unknown column \'m1.menu_status\' in \'where clause\'\r\n	at org.springframework.jdbc.support.SQLErrorCodeSQLExceptionTranslator.doTranslate(SQLErrorCodeSQLExceptionTranslator.java:234)\r\n	at org.springframework.jdbc.support.AbstractFallbackSQLExceptionTranslator.translate(AbstractFallbackSQLExceptionTranslator.java:72)\r\n	at org.mybatis.spring.MyBatisExceptionTranslator.translateExceptionIfPossible(MyBatisExceptionTranslator.java:73)\r\n	at org.mybatis.spring.SqlSessionTemplateTSqlSessionInterceptor.invoke(SqlSessionTemplate.java:446)\r\n	at com.sun.proxy.TProxy88.selectList(Unknown Source)\r\n	at org.mybatis.spring.SqlSessionTemplate.selectList(SqlSessionTemplate.java:230)\r\n	at com.baomidou.mybatisplus.core.override.MybatisMapperMethod.executeForMany(MybatisMapperMethod.java:168)\r\n	at com.baomidou.mybatisplus.core.override.MybatisMapperMethod.execute(MybatisMapperMethod.java:82)\r\n	at com.baomidou.mybatisplus.core.override.MybatisMapperProxy.invoke(MybatisMapperProxy.java:61)\r\n	at com.sun.proxy.TProxy91.getMenusByRoleIds(Unknown Source)\r\n	at cn.stylefeng.guns.sys.modular.system.service.MenuService.getMenusByRoleIds(MenuService.java:257)\r\n	at cn.stylefeng.guns.sys.modular.system.service.MenuServiceTTFastClassBySpringCGLIBTTe02a93b6.invoke(<generated>)\r\n	at org.springframework.cglib.proxy.MethodProxy.invoke(MethodProxy.java:218)\r\n	at org.springframework.aop.framework.CglibAopProxyTDynamicAdvisedInterceptor.intercept(CglibAopProxy.java:684)\r\n	at cn.stylefeng.guns.sys.modular.system.service.MenuServiceTTEnhancerBySpringCGLIBTT6aaac4b3.getMenusByRoleIds(<generated>)\r\n	at cn.stylefeng.guns.sys.modular.system.service.UserService.getUserMenuNodes(UserService.java:199)\r\n	at cn.stylefeng.guns.sys.modular.system.service.UserService.getUserIndexInfo(UserService.java:296)\r\n	at cn.stylefeng.guns.sys.modular.system.service.UserServiceTTFastClassBySpringCGLIBTT7548ebca.invoke(<generated>)\r\n	at org.springframework.cglib.proxy.MethodProxy.invoke(MethodProxy.java:218)\r\n	at org.springframework.aop.framework.CglibAopProxyTDynamicAdvisedInterceptor.intercept(CglibAopProxy.java:684)\r\n	at cn.stylefeng.guns.sys.modular.system.service.UserServiceTTEnhancerBySpringCGLIBTT4be3796f.getUserIndexInfo(<generated>)\r\n	at cn.stylefeng.guns.sys.modular.system.controller.LoginController.index(LoginController.java:71)\r\n	at sun.reflect.NativeMethodAccessorImpl.invoke0(Native Method)\r\n	at sun.reflect.NativeMethodAccessorImpl.invoke(NativeMethodAccessorImpl.java:62)\r\n	at sun.reflect.DelegatingMethodAccessorImpl.invoke(DelegatingMethodAccessorImpl.java:43)\r\n	at java.lang.reflect.Method.invoke(Method.java:498)\r\n	at org.springframework.web.method.support.InvocableHandlerMethod.doInvoke(InvocableHandlerMethod.java:190)\r\n	at org.springframework.web.method.support.InvocableHandlerMethod.invokeForRequest(InvocableHandlerMethod.java:138)\r\n	at org.springframework.web.servlet.mvc.method.annotation.ServletInvocableHandlerMethod.invokeAndHandle(ServletInvocableHandlerMethod.java:104)\r\n	at org.springframework.web.servlet.mvc.method.annotation.RequestMappingHandlerAdapter.invokeHandlerMethod(RequestMappingHandlerAdapter.java:892)\r\n	at org.springframework.web.servlet.mvc.method.annotation.RequestMappingHandlerAdapter.handleInternal(RequestMappingHandlerAdapter.java:797)\r\n	at org.springframework.web.servlet.mvc.method.AbstractHandlerMethodAdapter.handle(AbstractHandlerMethodAdapter.java:87)\r\n	at org.springframework.web.servlet.DispatcherServlet.doDispatch(DispatcherServlet.java:1039)\r\n	at org.springframework.web.servlet.DispatcherServlet.doService(DispatcherServlet.java:942)\r\n	at org.springframework.web.servlet.FrameworkServlet.processRequest(FrameworkServlet.java:1005)\r\n	at org.springframework.web.servlet.FrameworkServlet.doGet(FrameworkServlet.java:897)\r\n	at javax.servlet.http.HttpServlet.service(HttpServlet.java:634)\r\n	at org.springframework.web.servlet.FrameworkServlet.service(FrameworkServlet.java:882)\r\n	at javax.servlet.http.HttpServlet.service(HttpServlet.java:741)\r\n	at org.apache.catalina.core.ApplicationFilterChain.internalDoFilter(ApplicationFilterChain.java:231)\r\n	at org.apache.catalina.core.ApplicationFilterChain.doFilter(ApplicationFilterChain.java:166)\r\n	at org.apache.tomcat.websocket.server.WsFilter.doFilter(WsFilter.java:53)\r\n	at org.apache.catalina.core.ApplicationFilterChain.internalDoFilter(ApplicationFilterChain.java:193)\r\n	at org.apache.catalina.core.ApplicationFilterChain.doFilter(ApplicationFilterChain.java:166)\r\n	at org.springframework.web.filter.OncePerRequestFilter.doFilter(OncePerRequestFilter.java:103)\r\n	at org.apache.catalina.core.ApplicationFilterChain.internalDoFilter(ApplicationFilterChain.java:193)\r\n	at org.apache.catalina.core.ApplicationFilterChain.doFilter(ApplicationFilterChain.java:166)\r\n	at cn.stylefeng.roses.core.xss.XssFilter.doFilter(XssFilter.java:31)\r\n	at org.apache.catalina.core.ApplicationFilterChain.internalDoFilter(ApplicationFilterChain.java:193)\r\n	at org.apache.catalina.core.ApplicationFilterChain.doFilter(ApplicationFilterChain.java:166)\r\n	at com.alibaba.druid.support.http.WebStatFilter.doFilter(WebStatFilter.java:124)\r\n	at org.apache.catalina.core.ApplicationFilterChain.internalDoFilter(ApplicationFilterChain.java:193)\r\n	at org.apache.catalina.core.ApplicationFilterChain.doFilter(ApplicationFilterChain.java:166)\r\n	at org.springframework.security.web.FilterChainProxyTVirtualFilterChain.doFilter(FilterChainProxy.java:320)\r\n	at org.springframework.security.web.access.intercept.FilterSecurityInterceptor.invoke(FilterSecurityInterceptor.java:127)\r\n	at org.springframework.security.web.access.intercept.FilterSecurityInterceptor.doFilter(FilterSecurityInterceptor.java:91)\r\n	at org.springframework.security.web.FilterChainProxyTVirtualFilterChain.doFilter(FilterChainProxy.java:334)\r\n	at org.springframework.security.web.access.ExceptionTranslationFilter.doFilter(ExceptionTranslationFilter.java:119)\r\n	at org.springframework.security.web.FilterChainProxyTVirtualFilterChain.doFilter(FilterChainProxy.java:334)\r\n	at org.springframework.security.web.session.SessionManagementFilter.doFilter(SessionManagementFilter.java:137)\r\n	at org.springframework.security.web.FilterChainProxyTVirtualFilterChain.doFilter(FilterChainProxy.java:334)\r\n	at org.springframework.security.web.authentication.AnonymousAuthenticationFilter.doFilter(AnonymousAuthenticationFilter.java:111)\r\n	at org.springframework.security.web.FilterChainProxyTVirtualFilterChain.doFilter(FilterChainProxy.java:334)\r\n	at org.springframework.security.web.servletapi.SecurityContextHolderAwareRequestFilter.doFilter(SecurityContextHolderAwareRequestFilter.java:170)\r\n	at org.springframework.security.web.FilterChainProxyTVirtualFilterChain.doFilter(FilterChainProxy.java:334)\r\n	at org.springframework.security.web.savedrequest.RequestCacheAwareFilter.doFilter(RequestCacheAwareFilter.java:63)\r\n	at org.springframework.security.web.FilterChainProxyTVirtualFilterChain.doFilter(FilterChainProxy.java:334)\r\n	at cn.stylefeng.guns.sys.core.auth.filter.JwtAuthorizationTokenFilter.doFilterInternal(JwtAuthorizationTokenFilter.java:114)\r\n	at org.springframework.web.filter.OncePerRequestFilter.doFilter(OncePerRequestFilter.java:109)\r\n	at org.springframework.security.web.FilterChainProxyTVirtualFilterChain.doFilter(FilterChainProxy.java:334)\r\n	at org.springframework.web.filter.CorsFilter.doFilterInternal(CorsFilter.java:96)\r\n	at org.springframework.web.filter.OncePerRequestFilter.doFilter(OncePerRequestFilter.java:109)\r\n	at org.springframework.security.web.FilterChainProxyTVirtualFilterChain.doFilter(FilterChainProxy.java:334)\r\n	at org.springframework.security.web.header.HeaderWriterFilter.doFilterInternal(HeaderWriterFilter.java:74)\r\n	at org.springframework.web.filter.OncePerRequestFilter.doFilter(OncePerRequestFilter.java:109)\r\n	at org.springframework.security.web.FilterChainProxyTVirtualFilterChain.doFilter(FilterChainProxy.java:334)\r\n	at org.springframework.security.web.context.SecurityContextPersistenceFilter.doFilter(SecurityContextPersistenceFilter.java:105)\r\n	at org.springframework.security.web.FilterChainProxyTVirtualFilterChain.doFilter(FilterChainProxy.java:334)\r\n	at org.springframework.security.web.context.request.async.WebAsyncManagerIntegrationFilter.doFilterInternal(WebAsyncManagerIntegrationFilter.java:56)\r\n	at org.springframework.web.filter.OncePerRequestFilter.doFilter(OncePerRequestFilter.java:109)\r\n	at org.springframework.security.web.FilterChainProxyTVirtualFilterChain.doFilter(FilterChainProxy.java:334)\r\n	at org.springframework.security.web.FilterChainProxy.doFilterInternal(FilterChainProxy.java:215)\r\n	at org.springframework.security.web.FilterChainProxy.doFilter(FilterChainProxy.java:178)\r\n	at org.springframework.web.filter.DelegatingFilterProxy.invokeDelegate(DelegatingFilterProxy.java:357)\r\n	at org.springframework.web.filter.DelegatingFilterProxy.doFilter(DelegatingFilterProxy.java:270)\r\n	at org.apache.catalina.core.ApplicationFilterChain.internalDoFilter(ApplicationFilterChain.java:193)\r\n	at org.apache.catalina.core.ApplicationFilterChain.doFilter(ApplicationFilterChain.java:166)\r\n	at org.springframework.web.filter.RequestContextFilter.doFilterInternal(RequestContextFilter.java:99)\r\n	at org.springframework.web.filter.OncePerRequestFilter.doFilter(OncePerRequestFilter.java:109)\r\n	at org.apache.catalina.core.ApplicationFilterChain.internalDoFilter(ApplicationFilterChain.java:193)\r\n	at org.apache.catalina.core.ApplicationFilterChain.doFilter(ApplicationFilterChain.java:166)\r\n	at org.springframework.web.filter.FormContentFilter.doFilterInternal(FormContentFilter.java:92)\r\n	at org.springframework.web.filter.OncePerRequestFilter.doFilter(OncePerRequestFilter.java:109)\r\n	at org.apache.catalina.core.ApplicationFilterChain.internalDoFilter(ApplicationFilterChain.java:193)\r\n	at org.apache.catalina.core.ApplicationFilterChain.doFilter(ApplicationFilterChain.java:166)\r\n	at org.springframework.web.filter.HiddenHttpMethodFilter.doFilterInternal(HiddenHttpMethodFilter.java:93)\r\n	at org.springframework.web.filter.OncePerRequestFilter.doFilter(OncePerRequestFilter.java:109)\r\n	at org.apache.catalina.core.ApplicationFilterChain.internalDoFilter(ApplicationFilterChain.java:193)\r\n	at org.apache.catalina.core.ApplicationFilterChain.doFilter(ApplicationFilterChain.java:166)\r\n	at org.springframework.web.filter.CharacterEncodingFilter.doFilterInternal(CharacterEncodingFilter.java:200)\r\n	at org.springframework.web.filter.OncePerRequestFilter.doFilter(OncePerRequestFilter.java:109)\r\n	at org.apache.catalina.core.ApplicationFilterChain.internalDoFilter(ApplicationFilterChain.java:193)\r\n	at org.apache.catalina.core.ApplicationFilterChain.doFilter(ApplicationFilterChain.java:166)\r\n	at org.apache.catalina.core.StandardWrapperValve.invoke(StandardWrapperValve.java:202)\r\n	at org.apache.catalina.core.StandardContextValve.invoke(StandardContextValve.java:96)\r\n	at org.apache.catalina.authenticator.AuthenticatorBase.invoke(AuthenticatorBase.java:490)\r\n	at org.apache.catalina.core.StandardHostValve.invoke(StandardHostValve.java:139)\r\n	at org.apache.catalina.valves.ErrorReportValve.invoke(ErrorReportValve.java:92)\r\n	at org.apache.catalina.core.StandardEngineValve.invoke(StandardEngineValve.java:74)\r\n	at org.apache.catalina.connector.CoyoteAdapter.service(CoyoteAdapter.java:343)\r\n	at org.apache.coyote.http11.Http11Processor.service(Http11Processor.java:408)\r\n	at org.apache.coyote.AbstractProcessorLight.process(AbstractProcessorLight.java:66)\r\n	at org.apache.coyote.AbstractProtocolTConnectionHandler.process(AbstractProtocol.java:853)\r\n	at org.apache.tomcat.util.net.NioEndpointTSocketProcessor.doRun(NioEndpoint.java:1587)\r\n	at org.apache.tomcat.util.net.SocketProcessorBase.run(SocketProcessorBase.java:49)\r\n	at java.util.concurrent.ThreadPoolExecutor.runWorker(ThreadPoolExecutor.java:1142)\r\n	at java.util.concurrent.ThreadPoolExecutorTWorker.run(ThreadPoolExecutor.java:617)\r\n	at org.apache.tomcat.util.threads.TaskThreadTWrappingRunnable.run(TaskThread.java:61)\r\n	at java.lang.Thread.run(Thread.java:748)\r\nCaused by: java.sql.SQLSyntaxErrorException: Unknown column \'m1.menu_status\' in \'where clause\'\r\n	at com.mysql.cj.jdbc.exceptions.SQLError.createSQLException(SQLError.java:118)\r\n	at com.mysql.cj.jdbc.exceptions.SQLError.createSQLException(SQLError.java:95)\r\n	at com.mysql.cj.jdbc.exceptions.SQLExceptionsMapping.translateException(SQLExceptionsMapping.java:122)\r\n	at com.mysql.cj.jdbc.ClientPreparedStatement.executeInternal(ClientPreparedStatement.java:960)\r\n	at com.mysql.cj.jdbc.ClientPreparedStatement.execute(ClientPreparedStatement.java:388)\r\n	at com.alibaba.druid.filter.FilterChainImpl.preparedStatement_execute(FilterChainImpl.java:3461)\r\n	at com.alibaba.druid.filter.FilterEventAdapter.preparedStatement_execute(FilterEventAdapter.java:440)\r\n	at com.alibaba.druid.filter.FilterChainImpl.preparedStatement_execute(FilterChainImpl.java:3459)\r\n	at com.alibaba.druid.wall.WallFilter.preparedStatement_execute(WallFilter.java:627)\r\n	at com.alibaba.druid.filter.FilterChainImpl.preparedStatement_execute(FilterChainImpl.java:3459)\r\n	at com.alibaba.druid.proxy.jdbc.PreparedStatementProxyImpl.execute(PreparedStatementProxyImpl.java:167)\r\n	at com.alibaba.druid.pool.DruidPooledPreparedStatement.execute(DruidPooledPreparedStatement.java:497)\r\n	at sun.reflect.NativeMethodAccessorImpl.invoke0(Native Method)\r\n	at sun.reflect.NativeMethodAccessorImpl.invoke(NativeMethodAccessorImpl.java:62)\r\n	at sun.reflect.DelegatingMethodAccessorImpl.invoke(DelegatingMethodAccessorImpl.java:43)\r\n	at java.lang.reflect.Method.invoke(Method.java:498)\r\n	at org.apache.ibatis.logging.jdbc.PreparedStatementLogger.invoke(PreparedStatementLogger.java:59)\r\n	at com.sun.proxy.TProxy152.execute(Unknown Source)\r\n	at org.apache.ibatis.executor.statement.PreparedStatementHandler.query(PreparedStatementHandler.java:64)\r\n	at org.apache.ibatis.executor.statement.RoutingStatementHandler.query(RoutingStatementHandler.java:79)\r\n	at sun.reflect.NativeMethodAccessorImpl.invoke0(Native Method)\r\n	at sun.reflect.NativeMethodAccessorImpl.invoke(NativeMethodAccessorImpl.java:62)\r\n	at sun.reflect.DelegatingMethodAccessorImpl.invoke(DelegatingMethodAccessorImpl.java:43)\r\n	at java.lang.reflect.Method.invoke(Method.java:498)\r\n	at org.apache.ibatis.plugin.Plugin.invoke(Plugin.java:63)\r\n	at com.sun.proxy.TProxy150.query(Unknown Source)\r\n	at sun.reflect.NativeMethodAccessorImpl.invoke0(Native Method)\r\n	at sun.reflect.NativeMethodAccessorImpl.invoke(NativeMethodAccessorImpl.java:62)\r\n	at sun.reflect.DelegatingMethodAccessorImpl.invoke(DelegatingMethodAccessorImpl.java:43)\r\n	at java.lang.reflect.Method.invoke(Method.java:498)\r\n	at org.apache.ibatis.plugin.Plugin.invoke(Plugin.java:63)\r\n	at com.sun.proxy.TProxy150.query(Unknown Source)\r\n	at org.apache.ibatis.executor.SimpleExecutor.doQuery(SimpleExecutor.java:63)\r\n	at org.apache.ibatis.executor.BaseExecutor.queryFromDatabase(BaseExecutor.java:324)\r\n	at org.apache.ibatis.executor.BaseExecutor.query(BaseExecutor.java:156)\r\n	at org.apache.ibatis.executor.CachingExecutor.query(CachingExecutor.java:109)\r\n	at org.apache.ibatis.executor.CachingExecutor.query(CachingExecutor.java:83)\r\n	at sun.reflect.NativeMethodAccessorImpl.invoke0(Native Method)\r\n	at sun.reflect.NativeMethodAccessorImpl.invoke(NativeMethodAccessorImpl.java:62)\r\n	at sun.reflect.DelegatingMethodAccessorImpl.invoke(DelegatingMethodAccessorImpl.java:43)\r\n	at java.lang.reflect.Method.invoke(Method.java:498)\r\n	at org.apache.ibatis.plugin.Plugin.invoke(Plugin.java:63)\r\n	at com.sun.proxy.TProxy149.query(Unknown Source)\r\n	at org.apache.ibatis.session.defaults.DefaultSqlSession.selectList(DefaultSqlSession.java:148)\r\n	at org.apache.ibatis.session.defaults.DefaultSqlSession.selectList(DefaultSqlSession.java:141)\r\n	at sun.reflect.NativeMethodAccessorImpl.invoke0(Native Method)\r\n	at sun.reflect.NativeMethodAccessorImpl.invoke(NativeMethodAccessorImpl.java:62)\r\n	at sun.reflect.DelegatingMethodAccessorImpl.invoke(DelegatingMethodAccessorImpl.java:43)\r\n	at java.lang.reflect.Method.invoke(Method.java:498)\r\n	at org.mybatis.spring.SqlSessionTemplateTSqlSessionInterceptor.invoke(SqlSessionTemplate.java:433)\r\n	... 115 more\r\n'),(1215483467777802242,'异常日志','',1,NULL,NULL,'2020-01-10 12:00:15','失败','RequestEmptyException()\r\n'),(1215483533016006657,'业务日志','菜单新增',1,'cn.stylefeng.guns.sys.modular.system.controller.MenuController','add','2020-01-10 12:00:31','成功','菜单名称=公众号管理'),(1215485339725037569,'异常日志','',1,NULL,NULL,'2020-01-10 12:07:42','失败','RequestEmptyException()\r\n'),(1215485477927354369,'业务日志','菜单新增',1,'cn.stylefeng.guns.sys.modular.system.controller.MenuController','add','2020-01-10 12:08:15','成功','菜单名称=咱。社区'),(1215485688733073409,'业务日志','菜单新增',1,'cn.stylefeng.guns.sys.modular.system.controller.MenuController','add','2020-01-10 12:09:05','成功','菜单名称=办事指南'),(1215485843595165697,'业务日志','菜单新增',1,'cn.stylefeng.guns.sys.modular.system.controller.MenuController','add','2020-01-10 12:09:42','成功','菜单名称=线上服务预约'),(1215486007449845762,'业务日志','菜单新增',1,'cn.stylefeng.guns.sys.modular.system.controller.MenuController','add','2020-01-10 12:10:21','成功','菜单名称=线上活动报名'),(1215486460975742977,'异常日志','',1,NULL,NULL,'2020-01-10 12:12:09','失败','cn.stylefeng.roses.kernel.model.exception.ServiceException: 菜单编号重复，不能添加\r\n	at cn.stylefeng.guns.sys.modular.system.service.MenuService.addMenu(MenuService.java:59)\r\n	at cn.stylefeng.guns.sys.modular.system.service.MenuServiceTTFastClassBySpringCGLIBTTe02a93b6.invoke(<generated>)\r\n	at org.springframework.cglib.proxy.MethodProxy.invoke(MethodProxy.java:218)\r\n	at org.springframework.aop.framework.CglibAopProxyTCglibMethodInvocation.invokeJoinpoint(CglibAopProxy.java:749)\r\n	at org.springframework.aop.framework.ReflectiveMethodInvocation.proceed(ReflectiveMethodInvocation.java:163)\r\n	at org.springframework.transaction.interceptor.TransactionAspectSupport.invokeWithinTransaction(TransactionAspectSupport.java:295)\r\n	at org.springframework.transaction.interceptor.TransactionInterceptor.invoke(TransactionInterceptor.java:98)\r\n	at org.springframework.aop.framework.ReflectiveMethodInvocation.proceed(ReflectiveMethodInvocation.java:186)\r\n	at org.springframework.aop.framework.CglibAopProxyTDynamicAdvisedInterceptor.intercept(CglibAopProxy.java:688)\r\n	at cn.stylefeng.guns.sys.modular.system.service.MenuServiceTTEnhancerBySpringCGLIBTT650bd7c4.addMenu(<generated>)\r\n	at cn.stylefeng.guns.sys.modular.system.controller.MenuController.add(MenuController.java:178)\r\n	at cn.stylefeng.guns.sys.modular.system.controller.MenuControllerTTFastClassBySpringCGLIBTT837cb586.invoke(<generated>)\r\n	at org.springframework.cglib.proxy.MethodProxy.invoke(MethodProxy.java:218)\r\n	at org.springframework.aop.framework.CglibAopProxyTCglibMethodInvocation.invokeJoinpoint(CglibAopProxy.java:749)\r\n	at org.springframework.aop.framework.ReflectiveMethodInvocation.proceed(ReflectiveMethodInvocation.java:163)\r\n	at org.springframework.aop.aspectj.MethodInvocationProceedingJoinPoint.proceed(MethodInvocationProceedingJoinPoint.java:88)\r\n	at cn.stylefeng.guns.sys.core.log.aop.LogAop.recordSysLog(LogAop.java:60)\r\n	at sun.reflect.NativeMethodAccessorImpl.invoke0(Native Method)\r\n	at sun.reflect.NativeMethodAccessorImpl.invoke(NativeMethodAccessorImpl.java:62)\r\n	at sun.reflect.DelegatingMethodAccessorImpl.invoke(DelegatingMethodAccessorImpl.java:43)\r\n	at java.lang.reflect.Method.invoke(Method.java:498)\r\n	at org.springframework.aop.aspectj.AbstractAspectJAdvice.invokeAdviceMethodWithGivenArgs(AbstractAspectJAdvice.java:644)\r\n	at org.springframework.aop.aspectj.AbstractAspectJAdvice.invokeAdviceMethod(AbstractAspectJAdvice.java:633)\r\n	at org.springframework.aop.aspectj.AspectJAroundAdvice.invoke(AspectJAroundAdvice.java:70)\r\n	at org.springframework.aop.framework.ReflectiveMethodInvocation.proceed(ReflectiveMethodInvocation.java:175)\r\n	at org.springframework.aop.aspectj.MethodInvocationProceedingJoinPoint.proceed(MethodInvocationProceedingJoinPoint.java:88)\r\n	at cn.stylefeng.guns.base.auth.aop.PermissionAop.doPermission(PermissionAop.java:70)\r\n	at sun.reflect.NativeMethodAccessorImpl.invoke0(Native Method)\r\n	at sun.reflect.NativeMethodAccessorImpl.invoke(NativeMethodAccessorImpl.java:62)\r\n	at sun.reflect.DelegatingMethodAccessorImpl.invoke(DelegatingMethodAccessorImpl.java:43)\r\n	at java.lang.reflect.Method.invoke(Method.java:498)\r\n	at org.springframework.aop.aspectj.AbstractAspectJAdvice.invokeAdviceMethodWithGivenArgs(AbstractAspectJAdvice.java:644)\r\n	at org.springframework.aop.aspectj.AbstractAspectJAdvice.invokeAdviceMethod(AbstractAspectJAdvice.java:633)\r\n	at org.springframework.aop.aspectj.AspectJAroundAdvice.invoke(AspectJAroundAdvice.java:70)\r\n	at org.springframework.aop.framework.ReflectiveMethodInvocation.proceed(ReflectiveMethodInvocation.java:175)\r\n	at org.springframework.aop.interceptor.ExposeInvocationInterceptor.invoke(ExposeInvocationInterceptor.java:93)\r\n	at org.springframework.aop.framework.ReflectiveMethodInvocation.proceed(ReflectiveMethodInvocation.java:186)\r\n	at org.springframework.aop.framework.CglibAopProxyTDynamicAdvisedInterceptor.intercept(CglibAopProxy.java:688)\r\n	at cn.stylefeng.guns.sys.modular.system.controller.MenuControllerTTEnhancerBySpringCGLIBTT5c8bc862.add(<generated>)\r\n	at sun.reflect.NativeMethodAccessorImpl.invoke0(Native Method)\r\n	at sun.reflect.NativeMethodAccessorImpl.invoke(NativeMethodAccessorImpl.java:62)\r\n	at sun.reflect.DelegatingMethodAccessorImpl.invoke(DelegatingMethodAccessorImpl.java:43)\r\n	at java.lang.reflect.Method.invoke(Method.java:498)\r\n	at org.springframework.web.method.support.InvocableHandlerMethod.doInvoke(InvocableHandlerMethod.java:190)\r\n	at org.springframework.web.method.support.InvocableHandlerMethod.invokeForRequest(InvocableHandlerMethod.java:138)\r\n	at org.springframework.web.servlet.mvc.method.annotation.ServletInvocableHandlerMethod.invokeAndHandle(ServletInvocableHandlerMethod.java:104)\r\n	at org.springframework.web.servlet.mvc.method.annotation.RequestMappingHandlerAdapter.invokeHandlerMethod(RequestMappingHandlerAdapter.java:892)\r\n	at org.springframework.web.servlet.mvc.method.annotation.RequestMappingHandlerAdapter.handleInternal(RequestMappingHandlerAdapter.java:797)\r\n	at org.springframework.web.servlet.mvc.method.AbstractHandlerMethodAdapter.handle(AbstractHandlerMethodAdapter.java:87)\r\n	at org.springframework.web.servlet.DispatcherServlet.doDispatch(DispatcherServlet.java:1039)\r\n	at org.springframework.web.servlet.DispatcherServlet.doService(DispatcherServlet.java:942)\r\n	at org.springframework.web.servlet.FrameworkServlet.processRequest(FrameworkServlet.java:1005)\r\n	at org.springframework.web.servlet.FrameworkServlet.doPost(FrameworkServlet.java:908)\r\n	at javax.servlet.http.HttpServlet.service(HttpServlet.java:660)\r\n	at org.springframework.web.servlet.FrameworkServlet.service(FrameworkServlet.java:882)\r\n	at javax.servlet.http.HttpServlet.service(HttpServlet.java:741)\r\n	at org.apache.catalina.core.ApplicationFilterChain.internalDoFilter(ApplicationFilterChain.java:231)\r\n	at org.apache.catalina.core.ApplicationFilterChain.doFilter(ApplicationFilterChain.java:166)\r\n	at org.apache.tomcat.websocket.server.WsFilter.doFilter(WsFilter.java:53)\r\n	at org.apache.catalina.core.ApplicationFilterChain.internalDoFilter(ApplicationFilterChain.java:193)\r\n	at org.apache.catalina.core.ApplicationFilterChain.doFilter(ApplicationFilterChain.java:166)\r\n	at org.springframework.web.filter.OncePerRequestFilter.doFilter(OncePerRequestFilter.java:103)\r\n	at org.apache.catalina.core.ApplicationFilterChain.internalDoFilter(ApplicationFilterChain.java:193)\r\n	at org.apache.catalina.core.ApplicationFilterChain.doFilter(ApplicationFilterChain.java:166)\r\n	at cn.stylefeng.roses.core.xss.XssFilter.doFilter(XssFilter.java:31)\r\n	at org.apache.catalina.core.ApplicationFilterChain.internalDoFilter(ApplicationFilterChain.java:193)\r\n	at org.apache.catalina.core.ApplicationFilterChain.doFilter(ApplicationFilterChain.java:166)\r\n	at com.alibaba.druid.support.http.WebStatFilter.doFilter(WebStatFilter.java:124)\r\n	at org.apache.catalina.core.ApplicationFilterChain.internalDoFilter(ApplicationFilterChain.java:193)\r\n	at org.apache.catalina.core.ApplicationFilterChain.doFilter(ApplicationFilterChain.java:166)\r\n	at org.springframework.security.web.FilterChainProxyTVirtualFilterChain.doFilter(FilterChainProxy.java:320)\r\n	at org.springframework.security.web.access.intercept.FilterSecurityInterceptor.invoke(FilterSecurityInterceptor.java:127)\r\n	at org.springframework.security.web.access.intercept.FilterSecurityInterceptor.doFilter(FilterSecurityInterceptor.java:91)\r\n	at org.springframework.security.web.FilterChainProxyTVirtualFilterChain.doFilter(FilterChainProxy.java:334)\r\n	at org.springframework.security.web.access.ExceptionTranslationFilter.doFilter(ExceptionTranslationFilter.java:119)\r\n	at org.springframework.security.web.FilterChainProxyTVirtualFilterChain.doFilter(FilterChainProxy.java:334)\r\n	at org.springframework.security.web.session.SessionManagementFilter.doFilter(SessionManagementFilter.java:137)\r\n	at org.springframework.security.web.FilterChainProxyTVirtualFilterChain.doFilter(FilterChainProxy.java:334)\r\n	at org.springframework.security.web.authentication.AnonymousAuthenticationFilter.doFilter(AnonymousAuthenticationFilter.java:111)\r\n	at org.springframework.security.web.FilterChainProxyTVirtualFilterChain.doFilter(FilterChainProxy.java:334)\r\n	at org.springframework.security.web.servletapi.SecurityContextHolderAwareRequestFilter.doFilter(SecurityContextHolderAwareRequestFilter.java:170)\r\n	at org.springframework.security.web.FilterChainProxyTVirtualFilterChain.doFilter(FilterChainProxy.java:334)\r\n	at org.springframework.security.web.savedrequest.RequestCacheAwareFilter.doFilter(RequestCacheAwareFilter.java:63)\r\n	at org.springframework.security.web.FilterChainProxyTVirtualFilterChain.doFilter(FilterChainProxy.java:334)\r\n	at cn.stylefeng.guns.sys.core.auth.filter.JwtAuthorizationTokenFilter.doFilterInternal(JwtAuthorizationTokenFilter.java:114)\r\n	at org.springframework.web.filter.OncePerRequestFilter.doFilter(OncePerRequestFilter.java:109)\r\n	at org.springframework.security.web.FilterChainProxyTVirtualFilterChain.doFilter(FilterChainProxy.java:334)\r\n	at org.springframework.web.filter.CorsFilter.doFilterInternal(CorsFilter.java:96)\r\n	at org.springframework.web.filter.OncePerRequestFilter.doFilter(OncePerRequestFilter.java:109)\r\n	at org.springframework.security.web.FilterChainProxyTVirtualFilterChain.doFilter(FilterChainProxy.java:334)\r\n	at org.springframework.security.web.header.HeaderWriterFilter.doFilterInternal(HeaderWriterFilter.java:74)\r\n	at org.springframework.web.filter.OncePerRequestFilter.doFilter(OncePerRequestFilter.java:109)\r\n	at org.springframework.security.web.FilterChainProxyTVirtualFilterChain.doFilter(FilterChainProxy.java:334)\r\n	at org.springframework.security.web.context.SecurityContextPersistenceFilter.doFilter(SecurityContextPersistenceFilter.java:105)\r\n	at org.springframework.security.web.FilterChainProxyTVirtualFilterChain.doFilter(FilterChainProxy.java:334)\r\n	at org.springframework.security.web.context.request.async.WebAsyncManagerIntegrationFilter.doFilterInternal(WebAsyncManagerIntegrationFilter.java:56)\r\n	at org.springframework.web.filter.OncePerRequestFilter.doFilter(OncePerRequestFilter.java:109)\r\n	at org.springframework.security.web.FilterChainProxyTVirtualFilterChain.doFilter(FilterChainProxy.java:334)\r\n	at org.springframework.security.web.FilterChainProxy.doFilterInternal(FilterChainProxy.java:215)\r\n	at org.springframework.security.web.FilterChainProxy.doFilter(FilterChainProxy.java:178)\r\n	at org.springframework.web.filter.DelegatingFilterProxy.invokeDelegate(DelegatingFilterProxy.java:357)\r\n	at org.springframework.web.filter.DelegatingFilterProxy.doFilter(DelegatingFilterProxy.java:270)\r\n	at org.apache.catalina.core.ApplicationFilterChain.internalDoFilter(ApplicationFilterChain.java:193)\r\n	at org.apache.catalina.core.ApplicationFilterChain.doFilter(ApplicationFilterChain.java:166)\r\n	at org.springframework.web.filter.RequestContextFilter.doFilterInternal(RequestContextFilter.java:99)\r\n	at org.springframework.web.filter.OncePerRequestFilter.doFilter(OncePerRequestFilter.java:109)\r\n	at org.apache.catalina.core.ApplicationFilterChain.internalDoFilter(ApplicationFilterChain.java:193)\r\n	at org.apache.catalina.core.ApplicationFilterChain.doFilter(ApplicationFilterChain.java:166)\r\n	at org.springframework.web.filter.FormContentFilter.doFilterInternal(FormContentFilter.java:92)\r\n	at org.springframework.web.filter.OncePerRequestFilter.doFilter(OncePerRequestFilter.java:109)\r\n	at org.apache.catalina.core.ApplicationFilterChain.internalDoFilter(ApplicationFilterChain.java:193)\r\n	at org.apache.catalina.core.ApplicationFilterChain.doFilter(ApplicationFilterChain.java:166)\r\n	at org.springframework.web.filter.HiddenHttpMethodFilter.doFilterInternal(HiddenHttpMethodFilter.java:93)\r\n	at org.springframework.web.filter.OncePerRequestFilter.doFilter(OncePerRequestFilter.java:109)\r\n	at org.apache.catalina.core.ApplicationFilterChain.internalDoFilter(ApplicationFilterChain.java:193)\r\n	at org.apache.catalina.core.ApplicationFilterChain.doFilter(ApplicationFilterChain.java:166)\r\n	at org.springframework.web.filter.CharacterEncodingFilter.doFilterInternal(CharacterEncodingFilter.java:200)\r\n	at org.springframework.web.filter.OncePerRequestFilter.doFilter(OncePerRequestFilter.java:109)\r\n	at org.apache.catalina.core.ApplicationFilterChain.internalDoFilter(ApplicationFilterChain.java:193)\r\n	at org.apache.catalina.core.ApplicationFilterChain.doFilter(ApplicationFilterChain.java:166)\r\n	at org.apache.catalina.core.StandardWrapperValve.invoke(StandardWrapperValve.java:202)\r\n	at org.apache.catalina.core.StandardContextValve.invoke(StandardContextValve.java:96)\r\n	at org.apache.catalina.authenticator.AuthenticatorBase.invoke(AuthenticatorBase.java:490)\r\n	at org.apache.catalina.core.StandardHostValve.invoke(StandardHostValve.java:139)\r\n	at org.apache.catalina.valves.ErrorReportValve.invoke(ErrorReportValve.java:92)\r\n	at org.apache.catalina.core.StandardEngineValve.invoke(StandardEngineValve.java:74)\r\n	at org.apache.catalina.connector.CoyoteAdapter.service(CoyoteAdapter.java:343)\r\n	at org.apache.coyote.http11.Http11Processor.service(Http11Processor.java:408)\r\n	at org.apache.coyote.AbstractProcessorLight.process(AbstractProcessorLight.java:66)\r\n	at org.apache.coyote.AbstractProtocolTConnectionHandler.process(AbstractProtocol.java:853)\r\n	at org.apache.tomcat.util.net.NioEndpointTSocketProcessor.doRun(NioEndpoint.java:1587)\r\n	at org.apache.tomcat.util.net.SocketProcessorBase.run(SocketProcessorBase.java:49)\r\n	at java.util.concurrent.ThreadPoolExecutor.runWorker(ThreadPoolExecutor.java:1142)\r\n	at java.util.concurrent.ThreadPoolExecutorTWorker.run(ThreadPoolExecutor.java:617)\r\n	at org.apache.tomcat.util.threads.TaskThreadTWrappingRunnable.run(TaskThread.java:61)\r\n	at java.lang.Thread.run(Thread.java:748)\r\n'),(1215486568186347521,'业务日志','菜单新增',1,'cn.stylefeng.guns.sys.modular.system.controller.MenuController','add','2020-01-10 12:12:35','成功','菜单名称=社区接诉即办'),(1215486748243623937,'业务日志','修改菜单',1,'cn.stylefeng.guns.sys.modular.system.controller.MenuController','edit','2020-01-10 12:13:18','成功','菜单名称=线上活动报名;;;字段名称:菜单编号,旧值:wechat_apply,新值:wechat_event'),(1215486958114013186,'业务日志','修改菜单',1,'cn.stylefeng.guns.sys.modular.system.controller.MenuController','edit','2020-01-10 12:14:08','成功','菜单名称=线上服务预约;;;字段名称:菜单编号,旧值:wechat_appeal,新值:wechat_appoint'),(1215487007019597826,'业务日志','修改菜单',1,'cn.stylefeng.guns.sys.modular.system.controller.MenuController','edit','2020-01-10 12:14:19','成功','菜单名称=社区接诉即办;;;字段名称:菜单编号,旧值:wechat_appeall,新值:wechat_appeal'),(1215487233683980290,'业务日志','菜单新增',1,'cn.stylefeng.guns.sys.modular.system.controller.MenuController','add','2020-01-10 12:15:13','成功','菜单名称=电子阅览'),(1215487499539939330,'业务日志','菜单新增',1,'cn.stylefeng.guns.sys.modular.system.controller.MenuController','add','2020-01-10 12:16:17','成功','菜单名称=公益积分'),(1215488050507907074,'业务日志','菜单新增',1,'cn.stylefeng.guns.sys.modular.system.controller.MenuController','add','2020-01-10 12:18:28','成功','菜单名称=一刻钟生活圈'),(1215488160922959874,'业务日志','菜单新增',1,'cn.stylefeng.guns.sys.modular.system.controller.MenuController','add','2020-01-10 12:18:54','成功','菜单名称=志愿者招募'),(1215488276153073666,'业务日志','配置权限',1,'cn.stylefeng.guns.sys.modular.system.controller.RoleController','setAuthority','2020-01-10 12:19:22','成功','角色名称=超级管理员,资源名称=系统管理,用户管理,添加用户,修改用户,删除用户,重置密码,冻结用户,解除冻结用户,分配角色,分配角色跳转,编辑用户跳转,用户列表,角色管理,添加角色,修改角色,删除角色,配置权限,修改角色跳转,角色分配跳转,角色列表,菜单管理,添加菜单,修改菜单,删除菜单,菜单编辑跳转,菜单列表,业务日志,清空日志,日志列表,日志详情,监控管理,部门管理,添加部门,修改部门,删除部门,修改部门跳转,部门列表,部门详情,字典管理,添加字典,修改字典,删除字典,修改菜单跳转,字典列表,字典详情,登录日志,清空登录日志,登录日志列表,通知管理,添加通知,修改通知,删除通知,职位管理,职位表添加,职位表修改,职位表删除,开发管理,接口文档,系统配置,参数配置,参数配置添加,参数配置修改,参数配置删除,主控面板,消息通知,项目介绍,统计报表,系统监控,公众号管理,咱。社区,办事指南,线上服务预约,线上活动报名,社区接诉即办,电子阅览,公益积分,一刻钟生活圈,志愿者招募'),(1215488446521507842,'业务日志','修改菜单',1,'cn.stylefeng.guns.sys.modular.system.controller.MenuController','edit','2020-01-10 12:20:02','成功','菜单名称=公众号管理;;;字段名称:菜单排序号,旧值:10,新值:40'),(1215488684510511105,'业务日志','修改菜单',1,'cn.stylefeng.guns.sys.modular.system.controller.MenuController','edit','2020-01-10 12:20:59','成功','菜单名称=系统管理;;;字段名称:菜单名称,旧值:开发管理,新值:系统管理'),(1215488759454334978,'业务日志','修改菜单',1,'cn.stylefeng.guns.sys.modular.system.controller.MenuController','edit','2020-01-10 12:21:17','成功','菜单名称=权限管理;;;字段名称:菜单名称,旧值:系统管理,新值:权限管理'),(1215488846469365762,'业务日志','修改菜单',1,'cn.stylefeng.guns.sys.modular.system.controller.MenuController','edit','2020-01-10 12:21:38','成功','菜单名称=主页;;;字段名称:菜单名称,旧值:主控面板,新值:主页'),(1215507184813617154,'业务日志','菜单新增',1,'cn.stylefeng.guns.sys.modular.system.controller.MenuController','add','2020-01-10 13:34:30','成功','菜单名称=模块化'),(1215507285732765697,'业务日志','修改菜单',1,'cn.stylefeng.guns.sys.modular.system.controller.MenuController','edit','2020-01-10 13:34:54','成功','菜单名称=咱。社区;;;'),(1215507343937122305,'业务日志','修改菜单',1,'cn.stylefeng.guns.sys.modular.system.controller.MenuController','edit','2020-01-10 13:35:08','成功','菜单名称=办事指南;;;'),(1215507386907766786,'业务日志','修改菜单',1,'cn.stylefeng.guns.sys.modular.system.controller.MenuController','edit','2020-01-10 13:35:18','成功','菜单名称=线上服务预约;;;'),(1215507421095538690,'业务日志','修改菜单',1,'cn.stylefeng.guns.sys.modular.system.controller.MenuController','edit','2020-01-10 13:35:26','成功','菜单名称=线上活动报名;;;'),(1215507457682452481,'业务日志','修改菜单',1,'cn.stylefeng.guns.sys.modular.system.controller.MenuController','edit','2020-01-10 13:35:35','成功','菜单名称=社区接诉即办;;;'),(1215507490016342018,'业务日志','修改菜单',1,'cn.stylefeng.guns.sys.modular.system.controller.MenuController','edit','2020-01-10 13:35:43','成功','菜单名称=电子阅览;;;'),(1215507528968843265,'业务日志','修改菜单',1,'cn.stylefeng.guns.sys.modular.system.controller.MenuController','edit','2020-01-10 13:35:52','成功','菜单名称=公益积分;;;'),(1215507576158957570,'业务日志','修改菜单',1,'cn.stylefeng.guns.sys.modular.system.controller.MenuController','edit','2020-01-10 13:36:03','成功','菜单名称=一刻钟生活圈;;;'),(1215507617292496898,'业务日志','修改菜单',1,'cn.stylefeng.guns.sys.modular.system.controller.MenuController','edit','2020-01-10 13:36:13','成功','菜单名称=志愿者招募;;;'),(1215507736414924801,'业务日志','修改菜单',1,'cn.stylefeng.guns.sys.modular.system.controller.MenuController','edit','2020-01-10 13:36:42','成功','菜单名称=业务管理;;;字段名称:菜单名称,旧值:模块化,新值:业务管理'),(1215507845114507266,'业务日志','配置权限',1,'cn.stylefeng.guns.sys.modular.system.controller.RoleController','setAuthority','2020-01-10 13:37:07','成功','角色名称=超级管理员,资源名称=权限管理,用户管理,添加用户,修改用户,删除用户,重置密码,冻结用户,解除冻结用户,分配角色,分配角色跳转,编辑用户跳转,用户列表,角色管理,添加角色,修改角色,删除角色,配置权限,修改角色跳转,角色分配跳转,角色列表,菜单管理,添加菜单,修改菜单,删除菜单,菜单编辑跳转,菜单列表,业务日志,清空日志,日志列表,日志详情,监控管理,部门管理,添加部门,修改部门,删除部门,修改部门跳转,部门列表,部门详情,字典管理,添加字典,修改字典,删除字典,修改菜单跳转,字典列表,字典详情,登录日志,清空登录日志,登录日志列表,通知管理,添加通知,修改通知,删除通知,职位管理,职位表添加,职位表修改,职位表删除,系统管理,接口文档,系统配置,参数配置,参数配置添加,参数配置修改,参数配置删除,主页,消息通知,项目介绍,统计报表,系统监控,公众号管理,业务管理,咱。社区,办事指南,线上服务预约,线上活动报名,社区接诉即办,电子阅览,公益积分,一刻钟生活圈,志愿者招募'),(1215546149449093122,'异常日志','',1,NULL,NULL,'2020-01-10 16:09:20','失败','java.lang.NullPointerException\r\n	at java.util.TimSort.countRunAndMakeAscending(TimSort.java:355)\r\n	at java.util.TimSort.sort(TimSort.java:220)\r\n	at java.util.Arrays.sort(Arrays.java:1438)\r\n	at java.util.ArraysTArrayList.sort(Arrays.java:3895)\r\n	at cn.stylefeng.guns.sys.modular.system.controller.LoginController.checkParam(LoginController.java:165)\r\n	at cn.stylefeng.guns.sys.modular.system.controller.LoginController.index(LoginController.java:79)\r\n	at sun.reflect.NativeMethodAccessorImpl.invoke0(Native Method)\r\n	at sun.reflect.NativeMethodAccessorImpl.invoke(NativeMethodAccessorImpl.java:62)\r\n	at sun.reflect.DelegatingMethodAccessorImpl.invoke(DelegatingMethodAccessorImpl.java:43)\r\n	at java.lang.reflect.Method.invoke(Method.java:498)\r\n	at org.springframework.web.method.support.InvocableHandlerMethod.doInvoke(InvocableHandlerMethod.java:190)\r\n	at org.springframework.web.method.support.InvocableHandlerMethod.invokeForRequest(InvocableHandlerMethod.java:138)\r\n	at org.springframework.web.servlet.mvc.method.annotation.ServletInvocableHandlerMethod.invokeAndHandle(ServletInvocableHandlerMethod.java:104)\r\n	at org.springframework.web.servlet.mvc.method.annotation.RequestMappingHandlerAdapter.invokeHandlerMethod(RequestMappingHandlerAdapter.java:892)\r\n	at org.springframework.web.servlet.mvc.method.annotation.RequestMappingHandlerAdapter.handleInternal(RequestMappingHandlerAdapter.java:797)\r\n	at org.springframework.web.servlet.mvc.method.AbstractHandlerMethodAdapter.handle(AbstractHandlerMethodAdapter.java:87)\r\n	at org.springframework.web.servlet.DispatcherServlet.doDispatch(DispatcherServlet.java:1039)\r\n	at org.springframework.web.servlet.DispatcherServlet.doService(DispatcherServlet.java:942)\r\n	at org.springframework.web.servlet.FrameworkServlet.processRequest(FrameworkServlet.java:1005)\r\n	at org.springframework.web.servlet.FrameworkServlet.doGet(FrameworkServlet.java:897)\r\n	at javax.servlet.http.HttpServlet.service(HttpServlet.java:645)\r\n	at org.springframework.web.servlet.FrameworkServlet.service(FrameworkServlet.java:882)\r\n	at javax.servlet.http.HttpServlet.service(HttpServlet.java:750)\r\n	at org.apache.catalina.core.ApplicationFilterChain.internalDoFilter(ApplicationFilterChain.java:231)\r\n	at org.apache.catalina.core.ApplicationFilterChain.doFilter(ApplicationFilterChain.java:166)\r\n	at org.apache.tomcat.websocket.server.WsFilter.doFilter(WsFilter.java:53)\r\n	at org.apache.catalina.core.ApplicationFilterChain.internalDoFilter(ApplicationFilterChain.java:193)\r\n	at org.apache.catalina.core.ApplicationFilterChain.doFilter(ApplicationFilterChain.java:166)\r\n	at org.springframework.web.filter.OncePerRequestFilter.doFilter(OncePerRequestFilter.java:103)\r\n	at org.apache.catalina.core.ApplicationFilterChain.internalDoFilter(ApplicationFilterChain.java:193)\r\n	at org.apache.catalina.core.ApplicationFilterChain.doFilter(ApplicationFilterChain.java:166)\r\n	at cn.stylefeng.roses.core.xss.XssFilter.doFilter(XssFilter.java:31)\r\n	at org.apache.catalina.core.ApplicationFilterChain.internalDoFilter(ApplicationFilterChain.java:193)\r\n	at org.apache.catalina.core.ApplicationFilterChain.doFilter(ApplicationFilterChain.java:166)\r\n	at com.alibaba.druid.support.http.WebStatFilter.doFilter(WebStatFilter.java:124)\r\n	at org.apache.catalina.core.ApplicationFilterChain.internalDoFilter(ApplicationFilterChain.java:193)\r\n	at org.apache.catalina.core.ApplicationFilterChain.doFilter(ApplicationFilterChain.java:166)\r\n	at org.springframework.security.web.FilterChainProxyTVirtualFilterChain.doFilter(FilterChainProxy.java:320)\r\n	at org.springframework.security.web.access.intercept.FilterSecurityInterceptor.invoke(FilterSecurityInterceptor.java:127)\r\n	at org.springframework.security.web.access.intercept.FilterSecurityInterceptor.doFilter(FilterSecurityInterceptor.java:91)\r\n	at org.springframework.security.web.FilterChainProxyTVirtualFilterChain.doFilter(FilterChainProxy.java:334)\r\n	at org.springframework.security.web.access.ExceptionTranslationFilter.doFilter(ExceptionTranslationFilter.java:119)\r\n	at org.springframework.security.web.FilterChainProxyTVirtualFilterChain.doFilter(FilterChainProxy.java:334)\r\n	at org.springframework.security.web.session.SessionManagementFilter.doFilter(SessionManagementFilter.java:137)\r\n	at org.springframework.security.web.FilterChainProxyTVirtualFilterChain.doFilter(FilterChainProxy.java:334)\r\n	at org.springframework.security.web.authentication.AnonymousAuthenticationFilter.doFilter(AnonymousAuthenticationFilter.java:111)\r\n	at org.springframework.security.web.FilterChainProxyTVirtualFilterChain.doFilter(FilterChainProxy.java:334)\r\n	at org.springframework.security.web.servletapi.SecurityContextHolderAwareRequestFilter.doFilter(SecurityContextHolderAwareRequestFilter.java:170)\r\n	at org.springframework.security.web.FilterChainProxyTVirtualFilterChain.doFilter(FilterChainProxy.java:334)\r\n	at org.springframework.security.web.savedrequest.RequestCacheAwareFilter.doFilter(RequestCacheAwareFilter.java:63)\r\n	at org.springframework.security.web.FilterChainProxyTVirtualFilterChain.doFilter(FilterChainProxy.java:334)\r\n	at cn.stylefeng.guns.sys.core.auth.filter.JwtAuthorizationTokenFilter.doFilterInternal(JwtAuthorizationTokenFilter.java:114)\r\n	at org.springframework.web.filter.OncePerRequestFilter.doFilter(OncePerRequestFilter.java:109)\r\n	at org.springframework.security.web.FilterChainProxyTVirtualFilterChain.doFilter(FilterChainProxy.java:334)\r\n	at org.springframework.web.filter.CorsFilter.doFilterInternal(CorsFilter.java:96)\r\n	at org.springframework.web.filter.OncePerRequestFilter.doFilter(OncePerRequestFilter.java:109)\r\n	at org.springframework.security.web.FilterChainProxyTVirtualFilterChain.doFilter(FilterChainProxy.java:334)\r\n	at org.springframework.security.web.header.HeaderWriterFilter.doFilterInternal(HeaderWriterFilter.java:74)\r\n	at org.springframework.web.filter.OncePerRequestFilter.doFilter(OncePerRequestFilter.java:109)\r\n	at org.springframework.security.web.FilterChainProxyTVirtualFilterChain.doFilter(FilterChainProxy.java:334)\r\n	at org.springframework.security.web.context.SecurityContextPersistenceFilter.doFilter(SecurityContextPersistenceFilter.java:105)\r\n	at org.springframework.security.web.FilterChainProxyTVirtualFilterChain.doFilter(FilterChainProxy.java:334)\r\n	at org.springframework.security.web.context.request.async.WebAsyncManagerIntegrationFilter.doFilterInternal(WebAsyncManagerIntegrationFilter.java:56)\r\n	at org.springframework.web.filter.OncePerRequestFilter.doFilter(OncePerRequestFilter.java:109)\r\n	at org.springframework.security.web.FilterChainProxyTVirtualFilterChain.doFilter(FilterChainProxy.java:334)\r\n	at org.springframework.security.web.FilterChainProxy.doFilterInternal(FilterChainProxy.java:215)\r\n	at org.springframework.security.web.FilterChainProxy.doFilter(FilterChainProxy.java:178)\r\n	at org.springframework.web.filter.DelegatingFilterProxy.invokeDelegate(DelegatingFilterProxy.java:357)\r\n	at org.springframework.web.filter.DelegatingFilterProxy.doFilter(DelegatingFilterProxy.java:270)\r\n	at org.apache.catalina.core.ApplicationFilterChain.internalDoFilter(ApplicationFilterChain.java:193)\r\n	at org.apache.catalina.core.ApplicationFilterChain.doFilter(ApplicationFilterChain.java:166)\r\n	at org.springframework.web.filter.RequestContextFilter.doFilterInternal(RequestContextFilter.java:99)\r\n	at org.springframework.web.filter.OncePerRequestFilter.doFilter(OncePerRequestFilter.java:109)\r\n	at org.apache.catalina.core.ApplicationFilterChain.internalDoFilter(ApplicationFilterChain.java:193)\r\n	at org.apache.catalina.core.ApplicationFilterChain.doFilter(ApplicationFilterChain.java:166)\r\n	at org.springframework.web.filter.FormContentFilter.doFilterInternal(FormContentFilter.java:92)\r\n	at org.springframework.web.filter.OncePerRequestFilter.doFilter(OncePerRequestFilter.java:109)\r\n	at org.apache.catalina.core.ApplicationFilterChain.internalDoFilter(ApplicationFilterChain.java:193)\r\n	at org.apache.catalina.core.ApplicationFilterChain.doFilter(ApplicationFilterChain.java:166)\r\n	at org.springframework.web.filter.HiddenHttpMethodFilter.doFilterInternal(HiddenHttpMethodFilter.java:93)\r\n	at org.springframework.web.filter.OncePerRequestFilter.doFilter(OncePerRequestFilter.java:109)\r\n	at org.apache.catalina.core.ApplicationFilterChain.internalDoFilter(ApplicationFilterChain.java:193)\r\n	at org.apache.catalina.core.ApplicationFilterChain.doFilter(ApplicationFilterChain.java:166)\r\n	at org.springframework.web.filter.CharacterEncodingFilter.doFilterInternal(CharacterEncodingFilter.java:200)\r\n	at org.springframework.web.filter.OncePerRequestFilter.doFilter(OncePerRequestFilter.java:109)\r\n	at org.apache.catalina.core.ApplicationFilterChain.internalDoFilter(ApplicationFilterChain.java:193)\r\n	at org.apache.catalina.core.ApplicationFilterChain.doFilter(ApplicationFilterChain.java:166)\r\n	at org.apache.catalina.core.StandardWrapperValve.invoke(StandardWrapperValve.java:202)\r\n	at org.apache.catalina.core.StandardContextValve.invoke(StandardContextValve.java:96)\r\n	at org.apache.catalina.authenticator.AuthenticatorBase.invoke(AuthenticatorBase.java:490)\r\n	at org.apache.catalina.core.StandardHostValve.invoke(StandardHostValve.java:139)\r\n	at org.apache.catalina.valves.ErrorReportValve.invoke(ErrorReportValve.java:92)\r\n	at org.apache.catalina.core.StandardEngineValve.invoke(StandardEngineValve.java:74)\r\n	at org.apache.catalina.connector.CoyoteAdapter.service(CoyoteAdapter.java:343)\r\n	at org.apache.coyote.http11.Http11Processor.service(Http11Processor.java:408)\r\n	at org.apache.coyote.AbstractProcessorLight.process(AbstractProcessorLight.java:66)\r\n	at org.apache.coyote.AbstractProtocolTConnectionHandler.process(AbstractProtocol.java:853)\r\n	at org.apache.tomcat.util.net.NioEndpointTSocketProcessor.doRun(NioEndpoint.java:1587)\r\n	at org.apache.tomcat.util.net.SocketProcessorBase.run(SocketProcessorBase.java:49)\r\n	at java.util.concurrent.ThreadPoolExecutor.runWorker(ThreadPoolExecutor.java:1142)\r\n	at java.util.concurrent.ThreadPoolExecutorTWorker.run(ThreadPoolExecutor.java:617)\r\n	at org.apache.tomcat.util.threads.TaskThreadTWrappingRunnable.run(TaskThread.java:61)\r\n	at java.lang.Thread.run(Thread.java:748)\r\n'),(1215551645161672706,'异常日志','',1,NULL,NULL,'2020-01-10 16:31:10','失败','java.nio.file.InvalidPathException: Illegal char <:> at index 2: /D:/guns/guns/guns-main/target/classes/json/menu.json\r\n	at sun.nio.fs.WindowsPathParser.normalize(WindowsPathParser.java:182)\r\n	at sun.nio.fs.WindowsPathParser.parse(WindowsPathParser.java:153)\r\n	at sun.nio.fs.WindowsPathParser.parse(WindowsPathParser.java:77)\r\n	at sun.nio.fs.WindowsPath.parse(WindowsPath.java:94)\r\n	at sun.nio.fs.WindowsFileSystem.getPath(WindowsFileSystem.java:255)\r\n	at java.nio.file.Paths.get(Paths.java:84)\r\n	at cn.lac.wechat.service.impl.MenuServiceImpl.getMenu(MenuServiceImpl.java:41)\r\n	at cn.lac.wechat.controller.ApiController.test(ApiController.java:128)\r\n	at sun.reflect.NativeMethodAccessorImpl.invoke0(Native Method)\r\n	at sun.reflect.NativeMethodAccessorImpl.invoke(NativeMethodAccessorImpl.java:62)\r\n	at sun.reflect.DelegatingMethodAccessorImpl.invoke(DelegatingMethodAccessorImpl.java:43)\r\n	at java.lang.reflect.Method.invoke(Method.java:498)\r\n	at org.springframework.web.method.support.InvocableHandlerMethod.doInvoke(InvocableHandlerMethod.java:190)\r\n	at org.springframework.web.method.support.InvocableHandlerMethod.invokeForRequest(InvocableHandlerMethod.java:138)\r\n	at org.springframework.web.servlet.mvc.method.annotation.ServletInvocableHandlerMethod.invokeAndHandle(ServletInvocableHandlerMethod.java:104)\r\n	at org.springframework.web.servlet.mvc.method.annotation.RequestMappingHandlerAdapter.invokeHandlerMethod(RequestMappingHandlerAdapter.java:892)\r\n	at org.springframework.web.servlet.mvc.method.annotation.RequestMappingHandlerAdapter.handleInternal(RequestMappingHandlerAdapter.java:797)\r\n	at org.springframework.web.servlet.mvc.method.AbstractHandlerMethodAdapter.handle(AbstractHandlerMethodAdapter.java:87)\r\n	at org.springframework.web.servlet.DispatcherServlet.doDispatch(DispatcherServlet.java:1039)\r\n	at org.springframework.web.servlet.DispatcherServlet.doService(DispatcherServlet.java:942)\r\n	at org.springframework.web.servlet.FrameworkServlet.processRequest(FrameworkServlet.java:1005)\r\n	at org.springframework.web.servlet.FrameworkServlet.doGet(FrameworkServlet.java:897)\r\n	at javax.servlet.http.HttpServlet.service(HttpServlet.java:645)\r\n	at org.springframework.web.servlet.FrameworkServlet.service(FrameworkServlet.java:882)\r\n	at javax.servlet.http.HttpServlet.service(HttpServlet.java:750)\r\n	at org.apache.catalina.core.ApplicationFilterChain.internalDoFilter(ApplicationFilterChain.java:231)\r\n	at org.apache.catalina.core.ApplicationFilterChain.doFilter(ApplicationFilterChain.java:166)\r\n	at org.apache.tomcat.websocket.server.WsFilter.doFilter(WsFilter.java:53)\r\n	at org.apache.catalina.core.ApplicationFilterChain.internalDoFilter(ApplicationFilterChain.java:193)\r\n	at org.apache.catalina.core.ApplicationFilterChain.doFilter(ApplicationFilterChain.java:166)\r\n	at org.springframework.web.filter.OncePerRequestFilter.doFilter(OncePerRequestFilter.java:103)\r\n	at org.apache.catalina.core.ApplicationFilterChain.internalDoFilter(ApplicationFilterChain.java:193)\r\n	at org.apache.catalina.core.ApplicationFilterChain.doFilter(ApplicationFilterChain.java:166)\r\n	at cn.stylefeng.roses.core.xss.XssFilter.doFilter(XssFilter.java:31)\r\n	at org.apache.catalina.core.ApplicationFilterChain.internalDoFilter(ApplicationFilterChain.java:193)\r\n	at org.apache.catalina.core.ApplicationFilterChain.doFilter(ApplicationFilterChain.java:166)\r\n	at com.alibaba.druid.support.http.WebStatFilter.doFilter(WebStatFilter.java:124)\r\n	at org.apache.catalina.core.ApplicationFilterChain.internalDoFilter(ApplicationFilterChain.java:193)\r\n	at org.apache.catalina.core.ApplicationFilterChain.doFilter(ApplicationFilterChain.java:166)\r\n	at org.springframework.security.web.FilterChainProxyTVirtualFilterChain.doFilter(FilterChainProxy.java:320)\r\n	at org.springframework.security.web.access.intercept.FilterSecurityInterceptor.invoke(FilterSecurityInterceptor.java:127)\r\n	at org.springframework.security.web.access.intercept.FilterSecurityInterceptor.doFilter(FilterSecurityInterceptor.java:91)\r\n	at org.springframework.security.web.FilterChainProxyTVirtualFilterChain.doFilter(FilterChainProxy.java:334)\r\n	at org.springframework.security.web.access.ExceptionTranslationFilter.doFilter(ExceptionTranslationFilter.java:119)\r\n	at org.springframework.security.web.FilterChainProxyTVirtualFilterChain.doFilter(FilterChainProxy.java:334)\r\n	at org.springframework.security.web.session.SessionManagementFilter.doFilter(SessionManagementFilter.java:137)\r\n	at org.springframework.security.web.FilterChainProxyTVirtualFilterChain.doFilter(FilterChainProxy.java:334)\r\n	at org.springframework.security.web.authentication.AnonymousAuthenticationFilter.doFilter(AnonymousAuthenticationFilter.java:111)\r\n	at org.springframework.security.web.FilterChainProxyTVirtualFilterChain.doFilter(FilterChainProxy.java:334)\r\n	at org.springframework.security.web.servletapi.SecurityContextHolderAwareRequestFilter.doFilter(SecurityContextHolderAwareRequestFilter.java:170)\r\n	at org.springframework.security.web.FilterChainProxyTVirtualFilterChain.doFilter(FilterChainProxy.java:334)\r\n	at org.springframework.security.web.savedrequest.RequestCacheAwareFilter.doFilter(RequestCacheAwareFilter.java:63)\r\n	at org.springframework.security.web.FilterChainProxyTVirtualFilterChain.doFilter(FilterChainProxy.java:334)\r\n	at cn.stylefeng.guns.sys.core.auth.filter.JwtAuthorizationTokenFilter.doFilterInternal(JwtAuthorizationTokenFilter.java:114)\r\n	at org.springframework.web.filter.OncePerRequestFilter.doFilter(OncePerRequestFilter.java:109)\r\n	at org.springframework.security.web.FilterChainProxyTVirtualFilterChain.doFilter(FilterChainProxy.java:334)\r\n	at org.springframework.web.filter.CorsFilter.doFilterInternal(CorsFilter.java:96)\r\n	at org.springframework.web.filter.OncePerRequestFilter.doFilter(OncePerRequestFilter.java:109)\r\n	at org.springframework.security.web.FilterChainProxyTVirtualFilterChain.doFilter(FilterChainProxy.java:334)\r\n	at org.springframework.security.web.header.HeaderWriterFilter.doFilterInternal(HeaderWriterFilter.java:74)\r\n	at org.springframework.web.filter.OncePerRequestFilter.doFilter(OncePerRequestFilter.java:109)\r\n	at org.springframework.security.web.FilterChainProxyTVirtualFilterChain.doFilter(FilterChainProxy.java:334)\r\n	at org.springframework.security.web.context.SecurityContextPersistenceFilter.doFilter(SecurityContextPersistenceFilter.java:105)\r\n	at org.springframework.security.web.FilterChainProxyTVirtualFilterChain.doFilter(FilterChainProxy.java:334)\r\n	at org.springframework.security.web.context.request.async.WebAsyncManagerIntegrationFilter.doFilterInternal(WebAsyncManagerIntegrationFilter.java:56)\r\n	at org.springframework.web.filter.OncePerRequestFilter.doFilter(OncePerRequestFilter.java:109)\r\n	at org.springframework.security.web.FilterChainProxyTVirtualFilterChain.doFilter(FilterChainProxy.java:334)\r\n	at org.springframework.security.web.FilterChainProxy.doFilterInternal(FilterChainProxy.java:215)\r\n	at org.springframework.security.web.FilterChainProxy.doFilter(FilterChainProxy.java:178)\r\n	at org.springframework.web.filter.DelegatingFilterProxy.invokeDelegate(DelegatingFilterProxy.java:357)\r\n	at org.springframework.web.filter.DelegatingFilterProxy.doFilter(DelegatingFilterProxy.java:270)\r\n	at org.apache.catalina.core.ApplicationFilterChain.internalDoFilter(ApplicationFilterChain.java:193)\r\n	at org.apache.catalina.core.ApplicationFilterChain.doFilter(ApplicationFilterChain.java:166)\r\n	at org.springframework.web.filter.RequestContextFilter.doFilterInternal(RequestContextFilter.java:99)\r\n	at org.springframework.web.filter.OncePerRequestFilter.doFilter(OncePerRequestFilter.java:109)\r\n	at org.apache.catalina.core.ApplicationFilterChain.internalDoFilter(ApplicationFilterChain.java:193)\r\n	at org.apache.catalina.core.ApplicationFilterChain.doFilter(ApplicationFilterChain.java:166)\r\n	at org.springframework.web.filter.FormContentFilter.doFilterInternal(FormContentFilter.java:92)\r\n	at org.springframework.web.filter.OncePerRequestFilter.doFilter(OncePerRequestFilter.java:109)\r\n	at org.apache.catalina.core.ApplicationFilterChain.internalDoFilter(ApplicationFilterChain.java:193)\r\n	at org.apache.catalina.core.ApplicationFilterChain.doFilter(ApplicationFilterChain.java:166)\r\n	at org.springframework.web.filter.HiddenHttpMethodFilter.doFilterInternal(HiddenHttpMethodFilter.java:93)\r\n	at org.springframework.web.filter.OncePerRequestFilter.doFilter(OncePerRequestFilter.java:109)\r\n	at org.apache.catalina.core.ApplicationFilterChain.internalDoFilter(ApplicationFilterChain.java:193)\r\n	at org.apache.catalina.core.ApplicationFilterChain.doFilter(ApplicationFilterChain.java:166)\r\n	at org.springframework.web.filter.CharacterEncodingFilter.doFilterInternal(CharacterEncodingFilter.java:200)\r\n	at org.springframework.web.filter.OncePerRequestFilter.doFilter(OncePerRequestFilter.java:109)\r\n	at org.apache.catalina.core.ApplicationFilterChain.internalDoFilter(ApplicationFilterChain.java:193)\r\n	at org.apache.catalina.core.ApplicationFilterChain.doFilter(ApplicationFilterChain.java:166)\r\n	at org.apache.catalina.core.StandardWrapperValve.invoke(StandardWrapperValve.java:202)\r\n	at org.apache.catalina.core.StandardContextValve.invoke(StandardContextValve.java:96)\r\n	at org.apache.catalina.authenticator.AuthenticatorBase.invoke(AuthenticatorBase.java:490)\r\n	at org.apache.catalina.core.StandardHostValve.invoke(StandardHostValve.java:139)\r\n	at org.apache.catalina.valves.ErrorReportValve.invoke(ErrorReportValve.java:92)\r\n	at org.apache.catalina.core.StandardEngineValve.invoke(StandardEngineValve.java:74)\r\n	at org.apache.catalina.connector.CoyoteAdapter.service(CoyoteAdapter.java:343)\r\n	at org.apache.coyote.http11.Http11Processor.service(Http11Processor.java:408)\r\n	at org.apache.coyote.AbstractProcessorLight.process(AbstractProcessorLight.java:66)\r\n	at org.apache.coyote.AbstractProtocolTConnectionHandler.process(AbstractProtocol.java:853)\r\n	at org.apache.tomcat.util.net.NioEndpointTSocketProcessor.doRun(NioEndpoint.java:1587)\r\n	at org.apache.tomcat.util.net.SocketProcessorBase.run(SocketProcessorBase.java:49)\r\n	at java.util.concurrent.ThreadPoolExecutor.runWorker(ThreadPoolExecutor.java:1142)\r\n	at java.util.concurrent.ThreadPoolExecutorTWorker.run(ThreadPoolExecutor.java:617)\r\n	at org.apache.tomcat.util.threads.TaskThreadTWrappingRunnable.run(TaskThread.java:61)\r\n	at java.lang.Thread.run(Thread.java:748)\r\n'),(1215551750191239169,'异常日志','',1,NULL,NULL,'2020-01-10 16:31:35','失败','java.nio.file.InvalidPathException: Illegal char <:> at index 2: /D:/guns/guns/guns-main/target/classes/json/menu.json\r\n	at sun.nio.fs.WindowsPathParser.normalize(WindowsPathParser.java:182)\r\n	at sun.nio.fs.WindowsPathParser.parse(WindowsPathParser.java:153)\r\n	at sun.nio.fs.WindowsPathParser.parse(WindowsPathParser.java:77)\r\n	at sun.nio.fs.WindowsPath.parse(WindowsPath.java:94)\r\n	at sun.nio.fs.WindowsFileSystem.getPath(WindowsFileSystem.java:255)\r\n	at java.nio.file.Paths.get(Paths.java:84)\r\n	at cn.lac.wechat.service.impl.MenuServiceImpl.getMenu(MenuServiceImpl.java:41)\r\n	at cn.lac.wechat.controller.ApiController.test(ApiController.java:128)\r\n	at sun.reflect.NativeMethodAccessorImpl.invoke0(Native Method)\r\n	at sun.reflect.NativeMethodAccessorImpl.invoke(NativeMethodAccessorImpl.java:62)\r\n	at sun.reflect.DelegatingMethodAccessorImpl.invoke(DelegatingMethodAccessorImpl.java:43)\r\n	at java.lang.reflect.Method.invoke(Method.java:498)\r\n	at org.springframework.web.method.support.InvocableHandlerMethod.doInvoke(InvocableHandlerMethod.java:190)\r\n	at org.springframework.web.method.support.InvocableHandlerMethod.invokeForRequest(InvocableHandlerMethod.java:138)\r\n	at org.springframework.web.servlet.mvc.method.annotation.ServletInvocableHandlerMethod.invokeAndHandle(ServletInvocableHandlerMethod.java:104)\r\n	at org.springframework.web.servlet.mvc.method.annotation.RequestMappingHandlerAdapter.invokeHandlerMethod(RequestMappingHandlerAdapter.java:892)\r\n	at org.springframework.web.servlet.mvc.method.annotation.RequestMappingHandlerAdapter.handleInternal(RequestMappingHandlerAdapter.java:797)\r\n	at org.springframework.web.servlet.mvc.method.AbstractHandlerMethodAdapter.handle(AbstractHandlerMethodAdapter.java:87)\r\n	at org.springframework.web.servlet.DispatcherServlet.doDispatch(DispatcherServlet.java:1039)\r\n	at org.springframework.web.servlet.DispatcherServlet.doService(DispatcherServlet.java:942)\r\n	at org.springframework.web.servlet.FrameworkServlet.processRequest(FrameworkServlet.java:1005)\r\n	at org.springframework.web.servlet.FrameworkServlet.doGet(FrameworkServlet.java:897)\r\n	at javax.servlet.http.HttpServlet.service(HttpServlet.java:645)\r\n	at org.springframework.web.servlet.FrameworkServlet.service(FrameworkServlet.java:882)\r\n	at javax.servlet.http.HttpServlet.service(HttpServlet.java:750)\r\n	at org.apache.catalina.core.ApplicationFilterChain.internalDoFilter(ApplicationFilterChain.java:231)\r\n	at org.apache.catalina.core.ApplicationFilterChain.doFilter(ApplicationFilterChain.java:166)\r\n	at org.apache.tomcat.websocket.server.WsFilter.doFilter(WsFilter.java:53)\r\n	at org.apache.catalina.core.ApplicationFilterChain.internalDoFilter(ApplicationFilterChain.java:193)\r\n	at org.apache.catalina.core.ApplicationFilterChain.doFilter(ApplicationFilterChain.java:166)\r\n	at org.springframework.web.filter.OncePerRequestFilter.doFilter(OncePerRequestFilter.java:103)\r\n	at org.apache.catalina.core.ApplicationFilterChain.internalDoFilter(ApplicationFilterChain.java:193)\r\n	at org.apache.catalina.core.ApplicationFilterChain.doFilter(ApplicationFilterChain.java:166)\r\n	at cn.stylefeng.roses.core.xss.XssFilter.doFilter(XssFilter.java:31)\r\n	at org.apache.catalina.core.ApplicationFilterChain.internalDoFilter(ApplicationFilterChain.java:193)\r\n	at org.apache.catalina.core.ApplicationFilterChain.doFilter(ApplicationFilterChain.java:166)\r\n	at com.alibaba.druid.support.http.WebStatFilter.doFilter(WebStatFilter.java:124)\r\n	at org.apache.catalina.core.ApplicationFilterChain.internalDoFilter(ApplicationFilterChain.java:193)\r\n	at org.apache.catalina.core.ApplicationFilterChain.doFilter(ApplicationFilterChain.java:166)\r\n	at org.springframework.security.web.FilterChainProxyTVirtualFilterChain.doFilter(FilterChainProxy.java:320)\r\n	at org.springframework.security.web.access.intercept.FilterSecurityInterceptor.invoke(FilterSecurityInterceptor.java:127)\r\n	at org.springframework.security.web.access.intercept.FilterSecurityInterceptor.doFilter(FilterSecurityInterceptor.java:91)\r\n	at org.springframework.security.web.FilterChainProxyTVirtualFilterChain.doFilter(FilterChainProxy.java:334)\r\n	at org.springframework.security.web.access.ExceptionTranslationFilter.doFilter(ExceptionTranslationFilter.java:119)\r\n	at org.springframework.security.web.FilterChainProxyTVirtualFilterChain.doFilter(FilterChainProxy.java:334)\r\n	at org.springframework.security.web.session.SessionManagementFilter.doFilter(SessionManagementFilter.java:137)\r\n	at org.springframework.security.web.FilterChainProxyTVirtualFilterChain.doFilter(FilterChainProxy.java:334)\r\n	at org.springframework.security.web.authentication.AnonymousAuthenticationFilter.doFilter(AnonymousAuthenticationFilter.java:111)\r\n	at org.springframework.security.web.FilterChainProxyTVirtualFilterChain.doFilter(FilterChainProxy.java:334)\r\n	at org.springframework.security.web.servletapi.SecurityContextHolderAwareRequestFilter.doFilter(SecurityContextHolderAwareRequestFilter.java:170)\r\n	at org.springframework.security.web.FilterChainProxyTVirtualFilterChain.doFilter(FilterChainProxy.java:334)\r\n	at org.springframework.security.web.savedrequest.RequestCacheAwareFilter.doFilter(RequestCacheAwareFilter.java:63)\r\n	at org.springframework.security.web.FilterChainProxyTVirtualFilterChain.doFilter(FilterChainProxy.java:334)\r\n	at cn.stylefeng.guns.sys.core.auth.filter.JwtAuthorizationTokenFilter.doFilterInternal(JwtAuthorizationTokenFilter.java:114)\r\n	at org.springframework.web.filter.OncePerRequestFilter.doFilter(OncePerRequestFilter.java:109)\r\n	at org.springframework.security.web.FilterChainProxyTVirtualFilterChain.doFilter(FilterChainProxy.java:334)\r\n	at org.springframework.web.filter.CorsFilter.doFilterInternal(CorsFilter.java:96)\r\n	at org.springframework.web.filter.OncePerRequestFilter.doFilter(OncePerRequestFilter.java:109)\r\n	at org.springframework.security.web.FilterChainProxyTVirtualFilterChain.doFilter(FilterChainProxy.java:334)\r\n	at org.springframework.security.web.header.HeaderWriterFilter.doFilterInternal(HeaderWriterFilter.java:74)\r\n	at org.springframework.web.filter.OncePerRequestFilter.doFilter(OncePerRequestFilter.java:109)\r\n	at org.springframework.security.web.FilterChainProxyTVirtualFilterChain.doFilter(FilterChainProxy.java:334)\r\n	at org.springframework.security.web.context.SecurityContextPersistenceFilter.doFilter(SecurityContextPersistenceFilter.java:105)\r\n	at org.springframework.security.web.FilterChainProxyTVirtualFilterChain.doFilter(FilterChainProxy.java:334)\r\n	at org.springframework.security.web.context.request.async.WebAsyncManagerIntegrationFilter.doFilterInternal(WebAsyncManagerIntegrationFilter.java:56)\r\n	at org.springframework.web.filter.OncePerRequestFilter.doFilter(OncePerRequestFilter.java:109)\r\n	at org.springframework.security.web.FilterChainProxyTVirtualFilterChain.doFilter(FilterChainProxy.java:334)\r\n	at org.springframework.security.web.FilterChainProxy.doFilterInternal(FilterChainProxy.java:215)\r\n	at org.springframework.security.web.FilterChainProxy.doFilter(FilterChainProxy.java:178)\r\n	at org.springframework.web.filter.DelegatingFilterProxy.invokeDelegate(DelegatingFilterProxy.java:357)\r\n	at org.springframework.web.filter.DelegatingFilterProxy.doFilter(DelegatingFilterProxy.java:270)\r\n	at org.apache.catalina.core.ApplicationFilterChain.internalDoFilter(ApplicationFilterChain.java:193)\r\n	at org.apache.catalina.core.ApplicationFilterChain.doFilter(ApplicationFilterChain.java:166)\r\n	at org.springframework.web.filter.RequestContextFilter.doFilterInternal(RequestContextFilter.java:99)\r\n	at org.springframework.web.filter.OncePerRequestFilter.doFilter(OncePerRequestFilter.java:109)\r\n	at org.apache.catalina.core.ApplicationFilterChain.internalDoFilter(ApplicationFilterChain.java:193)\r\n	at org.apache.catalina.core.ApplicationFilterChain.doFilter(ApplicationFilterChain.java:166)\r\n	at org.springframework.web.filter.FormContentFilter.doFilterInternal(FormContentFilter.java:92)\r\n	at org.springframework.web.filter.OncePerRequestFilter.doFilter(OncePerRequestFilter.java:109)\r\n	at org.apache.catalina.core.ApplicationFilterChain.internalDoFilter(ApplicationFilterChain.java:193)\r\n	at org.apache.catalina.core.ApplicationFilterChain.doFilter(ApplicationFilterChain.java:166)\r\n	at org.springframework.web.filter.HiddenHttpMethodFilter.doFilterInternal(HiddenHttpMethodFilter.java:93)\r\n	at org.springframework.web.filter.OncePerRequestFilter.doFilter(OncePerRequestFilter.java:109)\r\n	at org.apache.catalina.core.ApplicationFilterChain.internalDoFilter(ApplicationFilterChain.java:193)\r\n	at org.apache.catalina.core.ApplicationFilterChain.doFilter(ApplicationFilterChain.java:166)\r\n	at org.springframework.web.filter.CharacterEncodingFilter.doFilterInternal(CharacterEncodingFilter.java:200)\r\n	at org.springframework.web.filter.OncePerRequestFilter.doFilter(OncePerRequestFilter.java:109)\r\n	at org.apache.catalina.core.ApplicationFilterChain.internalDoFilter(ApplicationFilterChain.java:193)\r\n	at org.apache.catalina.core.ApplicationFilterChain.doFilter(ApplicationFilterChain.java:166)\r\n	at org.apache.catalina.core.StandardWrapperValve.invoke(StandardWrapperValve.java:202)\r\n	at org.apache.catalina.core.StandardContextValve.invoke(StandardContextValve.java:96)\r\n	at org.apache.catalina.authenticator.AuthenticatorBase.invoke(AuthenticatorBase.java:490)\r\n	at org.apache.catalina.core.StandardHostValve.invoke(StandardHostValve.java:139)\r\n	at org.apache.catalina.valves.ErrorReportValve.invoke(ErrorReportValve.java:92)\r\n	at org.apache.catalina.core.StandardEngineValve.invoke(StandardEngineValve.java:74)\r\n	at org.apache.catalina.connector.CoyoteAdapter.service(CoyoteAdapter.java:343)\r\n	at org.apache.coyote.http11.Http11Processor.service(Http11Processor.java:408)\r\n	at org.apache.coyote.AbstractProcessorLight.process(AbstractProcessorLight.java:66)\r\n	at org.apache.coyote.AbstractProtocolTConnectionHandler.process(AbstractProtocol.java:853)\r\n	at org.apache.tomcat.util.net.NioEndpointTSocketProcessor.doRun(NioEndpoint.java:1587)\r\n	at org.apache.tomcat.util.net.SocketProcessorBase.run(SocketProcessorBase.java:49)\r\n	at java.util.concurrent.ThreadPoolExecutor.runWorker(ThreadPoolExecutor.java:1142)\r\n	at java.util.concurrent.ThreadPoolExecutorTWorker.run(ThreadPoolExecutor.java:617)\r\n	at org.apache.tomcat.util.threads.TaskThreadTWrappingRunnable.run(TaskThread.java:61)\r\n	at java.lang.Thread.run(Thread.java:748)\r\n'),(1216207993419005953,'异常日志','',1,NULL,NULL,'2020-01-12 11:59:16','失败','java.lang.NullPointerException\r\n	at cn.lac.wechat.service.impl.ArticleServiceImpl.getList(ArticleServiceImpl.java:50)\r\n	at cn.lac.wechat.service.impl.ArticleServiceImplTTFastClassBySpringCGLIBTTcbed750f.invoke(<generated>)\r\n	at org.springframework.cglib.proxy.MethodProxy.invoke(MethodProxy.java:218)\r\n	at org.springframework.aop.framework.CglibAopProxyTDynamicAdvisedInterceptor.intercept(CglibAopProxy.java:684)\r\n	at cn.lac.wechat.service.impl.ArticleServiceImplTTEnhancerBySpringCGLIBTT3bb1bf33.getList(<generated>)\r\n	at cn.lac.wechat.controller.AdminController.list(AdminController.java:44)\r\n	at sun.reflect.NativeMethodAccessorImpl.invoke0(Native Method)\r\n	at sun.reflect.NativeMethodAccessorImpl.invoke(NativeMethodAccessorImpl.java:62)\r\n	at sun.reflect.DelegatingMethodAccessorImpl.invoke(DelegatingMethodAccessorImpl.java:43)\r\n	at java.lang.reflect.Method.invoke(Method.java:498)\r\n	at org.springframework.web.method.support.InvocableHandlerMethod.doInvoke(InvocableHandlerMethod.java:190)\r\n	at org.springframework.web.method.support.InvocableHandlerMethod.invokeForRequest(InvocableHandlerMethod.java:138)\r\n	at org.springframework.web.servlet.mvc.method.annotation.ServletInvocableHandlerMethod.invokeAndHandle(ServletInvocableHandlerMethod.java:104)\r\n	at org.springframework.web.servlet.mvc.method.annotation.RequestMappingHandlerAdapter.invokeHandlerMethod(RequestMappingHandlerAdapter.java:892)\r\n	at org.springframework.web.servlet.mvc.method.annotation.RequestMappingHandlerAdapter.handleInternal(RequestMappingHandlerAdapter.java:797)\r\n	at org.springframework.web.servlet.mvc.method.AbstractHandlerMethodAdapter.handle(AbstractHandlerMethodAdapter.java:87)\r\n	at org.springframework.web.servlet.DispatcherServlet.doDispatch(DispatcherServlet.java:1039)\r\n	at org.springframework.web.servlet.DispatcherServlet.doService(DispatcherServlet.java:942)\r\n	at org.springframework.web.servlet.FrameworkServlet.processRequest(FrameworkServlet.java:1005)\r\n	at org.springframework.web.servlet.FrameworkServlet.doGet(FrameworkServlet.java:897)\r\n	at javax.servlet.http.HttpServlet.service(HttpServlet.java:645)\r\n	at org.springframework.web.servlet.FrameworkServlet.service(FrameworkServlet.java:882)\r\n	at javax.servlet.http.HttpServlet.service(HttpServlet.java:750)\r\n	at org.apache.catalina.core.ApplicationFilterChain.internalDoFilter(ApplicationFilterChain.java:231)\r\n	at org.apache.catalina.core.ApplicationFilterChain.doFilter(ApplicationFilterChain.java:166)\r\n	at org.apache.tomcat.websocket.server.WsFilter.doFilter(WsFilter.java:53)\r\n	at org.apache.catalina.core.ApplicationFilterChain.internalDoFilter(ApplicationFilterChain.java:193)\r\n	at org.apache.catalina.core.ApplicationFilterChain.doFilter(ApplicationFilterChain.java:166)\r\n	at org.springframework.web.filter.OncePerRequestFilter.doFilter(OncePerRequestFilter.java:103)\r\n	at org.apache.catalina.core.ApplicationFilterChain.internalDoFilter(ApplicationFilterChain.java:193)\r\n	at org.apache.catalina.core.ApplicationFilterChain.doFilter(ApplicationFilterChain.java:166)\r\n	at cn.stylefeng.roses.core.xss.XssFilter.doFilter(XssFilter.java:31)\r\n	at org.apache.catalina.core.ApplicationFilterChain.internalDoFilter(ApplicationFilterChain.java:193)\r\n	at org.apache.catalina.core.ApplicationFilterChain.doFilter(ApplicationFilterChain.java:166)\r\n	at com.alibaba.druid.support.http.WebStatFilter.doFilter(WebStatFilter.java:124)\r\n	at org.apache.catalina.core.ApplicationFilterChain.internalDoFilter(ApplicationFilterChain.java:193)\r\n	at org.apache.catalina.core.ApplicationFilterChain.doFilter(ApplicationFilterChain.java:166)\r\n	at org.springframework.security.web.FilterChainProxyTVirtualFilterChain.doFilter(FilterChainProxy.java:320)\r\n	at org.springframework.security.web.access.intercept.FilterSecurityInterceptor.invoke(FilterSecurityInterceptor.java:127)\r\n	at org.springframework.security.web.access.intercept.FilterSecurityInterceptor.doFilter(FilterSecurityInterceptor.java:91)\r\n	at org.springframework.security.web.FilterChainProxyTVirtualFilterChain.doFilter(FilterChainProxy.java:334)\r\n	at org.springframework.security.web.access.ExceptionTranslationFilter.doFilter(ExceptionTranslationFilter.java:119)\r\n	at org.springframework.security.web.FilterChainProxyTVirtualFilterChain.doFilter(FilterChainProxy.java:334)\r\n	at org.springframework.security.web.session.SessionManagementFilter.doFilter(SessionManagementFilter.java:137)\r\n	at org.springframework.security.web.FilterChainProxyTVirtualFilterChain.doFilter(FilterChainProxy.java:334)\r\n	at org.springframework.security.web.authentication.AnonymousAuthenticationFilter.doFilter(AnonymousAuthenticationFilter.java:111)\r\n	at org.springframework.security.web.FilterChainProxyTVirtualFilterChain.doFilter(FilterChainProxy.java:334)\r\n	at org.springframework.security.web.servletapi.SecurityContextHolderAwareRequestFilter.doFilter(SecurityContextHolderAwareRequestFilter.java:170)\r\n	at org.springframework.security.web.FilterChainProxyTVirtualFilterChain.doFilter(FilterChainProxy.java:334)\r\n	at org.springframework.security.web.savedrequest.RequestCacheAwareFilter.doFilter(RequestCacheAwareFilter.java:63)\r\n	at org.springframework.security.web.FilterChainProxyTVirtualFilterChain.doFilter(FilterChainProxy.java:334)\r\n	at cn.stylefeng.guns.sys.core.auth.filter.JwtAuthorizationTokenFilter.doFilterInternal(JwtAuthorizationTokenFilter.java:114)\r\n	at org.springframework.web.filter.OncePerRequestFilter.doFilter(OncePerRequestFilter.java:109)\r\n	at org.springframework.security.web.FilterChainProxyTVirtualFilterChain.doFilter(FilterChainProxy.java:334)\r\n	at org.springframework.web.filter.CorsFilter.doFilterInternal(CorsFilter.java:96)\r\n	at org.springframework.web.filter.OncePerRequestFilter.doFilter(OncePerRequestFilter.java:109)\r\n	at org.springframework.security.web.FilterChainProxyTVirtualFilterChain.doFilter(FilterChainProxy.java:334)\r\n	at org.springframework.security.web.header.HeaderWriterFilter.doFilterInternal(HeaderWriterFilter.java:74)\r\n	at org.springframework.web.filter.OncePerRequestFilter.doFilter(OncePerRequestFilter.java:109)\r\n	at org.springframework.security.web.FilterChainProxyTVirtualFilterChain.doFilter(FilterChainProxy.java:334)\r\n	at org.springframework.security.web.context.SecurityContextPersistenceFilter.doFilter(SecurityContextPersistenceFilter.java:105)\r\n	at org.springframework.security.web.FilterChainProxyTVirtualFilterChain.doFilter(FilterChainProxy.java:334)\r\n	at org.springframework.security.web.context.request.async.WebAsyncManagerIntegrationFilter.doFilterInternal(WebAsyncManagerIntegrationFilter.java:56)\r\n	at org.springframework.web.filter.OncePerRequestFilter.doFilter(OncePerRequestFilter.java:109)\r\n	at org.springframework.security.web.FilterChainProxyTVirtualFilterChain.doFilter(FilterChainProxy.java:334)\r\n	at org.springframework.security.web.FilterChainProxy.doFilterInternal(FilterChainProxy.java:215)\r\n	at org.springframework.security.web.FilterChainProxy.doFilter(FilterChainProxy.java:178)\r\n	at org.springframework.web.filter.DelegatingFilterProxy.invokeDelegate(DelegatingFilterProxy.java:357)\r\n	at org.springframework.web.filter.DelegatingFilterProxy.doFilter(DelegatingFilterProxy.java:270)\r\n	at org.apache.catalina.core.ApplicationFilterChain.internalDoFilter(ApplicationFilterChain.java:193)\r\n	at org.apache.catalina.core.ApplicationFilterChain.doFilter(ApplicationFilterChain.java:166)\r\n	at org.springframework.web.filter.RequestContextFilter.doFilterInternal(RequestContextFilter.java:99)\r\n	at org.springframework.web.filter.OncePerRequestFilter.doFilter(OncePerRequestFilter.java:109)\r\n	at org.apache.catalina.core.ApplicationFilterChain.internalDoFilter(ApplicationFilterChain.java:193)\r\n	at org.apache.catalina.core.ApplicationFilterChain.doFilter(ApplicationFilterChain.java:166)\r\n	at org.springframework.web.filter.FormContentFilter.doFilterInternal(FormContentFilter.java:92)\r\n	at org.springframework.web.filter.OncePerRequestFilter.doFilter(OncePerRequestFilter.java:109)\r\n	at org.apache.catalina.core.ApplicationFilterChain.internalDoFilter(ApplicationFilterChain.java:193)\r\n	at org.apache.catalina.core.ApplicationFilterChain.doFilter(ApplicationFilterChain.java:166)\r\n	at org.springframework.web.filter.HiddenHttpMethodFilter.doFilterInternal(HiddenHttpMethodFilter.java:93)\r\n	at org.springframework.web.filter.OncePerRequestFilter.doFilter(OncePerRequestFilter.java:109)\r\n	at org.apache.catalina.core.ApplicationFilterChain.internalDoFilter(ApplicationFilterChain.java:193)\r\n	at org.apache.catalina.core.ApplicationFilterChain.doFilter(ApplicationFilterChain.java:166)\r\n	at org.springframework.web.filter.CharacterEncodingFilter.doFilterInternal(CharacterEncodingFilter.java:200)\r\n	at org.springframework.web.filter.OncePerRequestFilter.doFilter(OncePerRequestFilter.java:109)\r\n	at org.apache.catalina.core.ApplicationFilterChain.internalDoFilter(ApplicationFilterChain.java:193)\r\n	at org.apache.catalina.core.ApplicationFilterChain.doFilter(ApplicationFilterChain.java:166)\r\n	at org.apache.catalina.core.StandardWrapperValve.invoke(StandardWrapperValve.java:202)\r\n	at org.apache.catalina.core.StandardContextValve.invoke(StandardContextValve.java:96)\r\n	at org.apache.catalina.authenticator.AuthenticatorBase.invoke(AuthenticatorBase.java:490)\r\n	at org.apache.catalina.core.StandardHostValve.invoke(StandardHostValve.java:139)\r\n	at org.apache.catalina.valves.ErrorReportValve.invoke(ErrorReportValve.java:92)\r\n	at org.apache.catalina.core.StandardEngineValve.invoke(StandardEngineValve.java:74)\r\n	at org.apache.catalina.connector.CoyoteAdapter.service(CoyoteAdapter.java:343)\r\n	at org.apache.coyote.http11.Http11Processor.service(Http11Processor.java:408)\r\n	at org.apache.coyote.AbstractProcessorLight.process(AbstractProcessorLight.java:66)\r\n	at org.apache.coyote.AbstractProtocolTConnectionHandler.process(AbstractProtocol.java:853)\r\n	at org.apache.tomcat.util.net.NioEndpointTSocketProcessor.doRun(NioEndpoint.java:1587)\r\n	at org.apache.tomcat.util.net.SocketProcessorBase.run(SocketProcessorBase.java:49)\r\n	at java.util.concurrent.ThreadPoolExecutor.runWorker(ThreadPoolExecutor.java:1142)\r\n	at java.util.concurrent.ThreadPoolExecutorTWorker.run(ThreadPoolExecutor.java:617)\r\n	at org.apache.tomcat.util.threads.TaskThreadTWrappingRunnable.run(TaskThread.java:61)\r\n	at java.lang.Thread.run(Thread.java:748)\r\n'),(1216208439890083842,'异常日志','',1,NULL,NULL,'2020-01-12 12:01:02','失败','java.lang.NullPointerException\r\n	at cn.lac.wechat.service.impl.ArticleServiceImpl.getList(ArticleServiceImpl.java:50)\r\n	at cn.lac.wechat.service.impl.ArticleServiceImplTTFastClassBySpringCGLIBTTcbed750f.invoke(<generated>)\r\n	at org.springframework.cglib.proxy.MethodProxy.invoke(MethodProxy.java:218)\r\n	at org.springframework.aop.framework.CglibAopProxyTDynamicAdvisedInterceptor.intercept(CglibAopProxy.java:684)\r\n	at cn.lac.wechat.service.impl.ArticleServiceImplTTEnhancerBySpringCGLIBTT3bb1bf33.getList(<generated>)\r\n	at cn.lac.wechat.controller.AdminController.list(AdminController.java:44)\r\n	at sun.reflect.NativeMethodAccessorImpl.invoke0(Native Method)\r\n	at sun.reflect.NativeMethodAccessorImpl.invoke(NativeMethodAccessorImpl.java:62)\r\n	at sun.reflect.DelegatingMethodAccessorImpl.invoke(DelegatingMethodAccessorImpl.java:43)\r\n	at java.lang.reflect.Method.invoke(Method.java:498)\r\n	at org.springframework.web.method.support.InvocableHandlerMethod.doInvoke(InvocableHandlerMethod.java:190)\r\n	at org.springframework.web.method.support.InvocableHandlerMethod.invokeForRequest(InvocableHandlerMethod.java:138)\r\n	at org.springframework.web.servlet.mvc.method.annotation.ServletInvocableHandlerMethod.invokeAndHandle(ServletInvocableHandlerMethod.java:104)\r\n	at org.springframework.web.servlet.mvc.method.annotation.RequestMappingHandlerAdapter.invokeHandlerMethod(RequestMappingHandlerAdapter.java:892)\r\n	at org.springframework.web.servlet.mvc.method.annotation.RequestMappingHandlerAdapter.handleInternal(RequestMappingHandlerAdapter.java:797)\r\n	at org.springframework.web.servlet.mvc.method.AbstractHandlerMethodAdapter.handle(AbstractHandlerMethodAdapter.java:87)\r\n	at org.springframework.web.servlet.DispatcherServlet.doDispatch(DispatcherServlet.java:1039)\r\n	at org.springframework.web.servlet.DispatcherServlet.doService(DispatcherServlet.java:942)\r\n	at org.springframework.web.servlet.FrameworkServlet.processRequest(FrameworkServlet.java:1005)\r\n	at org.springframework.web.servlet.FrameworkServlet.doGet(FrameworkServlet.java:897)\r\n	at javax.servlet.http.HttpServlet.service(HttpServlet.java:645)\r\n	at org.springframework.web.servlet.FrameworkServlet.service(FrameworkServlet.java:882)\r\n	at javax.servlet.http.HttpServlet.service(HttpServlet.java:750)\r\n	at org.apache.catalina.core.ApplicationFilterChain.internalDoFilter(ApplicationFilterChain.java:231)\r\n	at org.apache.catalina.core.ApplicationFilterChain.doFilter(ApplicationFilterChain.java:166)\r\n	at org.apache.tomcat.websocket.server.WsFilter.doFilter(WsFilter.java:53)\r\n	at org.apache.catalina.core.ApplicationFilterChain.internalDoFilter(ApplicationFilterChain.java:193)\r\n	at org.apache.catalina.core.ApplicationFilterChain.doFilter(ApplicationFilterChain.java:166)\r\n	at org.springframework.web.filter.OncePerRequestFilter.doFilter(OncePerRequestFilter.java:103)\r\n	at org.apache.catalina.core.ApplicationFilterChain.internalDoFilter(ApplicationFilterChain.java:193)\r\n	at org.apache.catalina.core.ApplicationFilterChain.doFilter(ApplicationFilterChain.java:166)\r\n	at cn.stylefeng.roses.core.xss.XssFilter.doFilter(XssFilter.java:31)\r\n	at org.apache.catalina.core.ApplicationFilterChain.internalDoFilter(ApplicationFilterChain.java:193)\r\n	at org.apache.catalina.core.ApplicationFilterChain.doFilter(ApplicationFilterChain.java:166)\r\n	at com.alibaba.druid.support.http.WebStatFilter.doFilter(WebStatFilter.java:124)\r\n	at org.apache.catalina.core.ApplicationFilterChain.internalDoFilter(ApplicationFilterChain.java:193)\r\n	at org.apache.catalina.core.ApplicationFilterChain.doFilter(ApplicationFilterChain.java:166)\r\n	at org.springframework.security.web.FilterChainProxyTVirtualFilterChain.doFilter(FilterChainProxy.java:320)\r\n	at org.springframework.security.web.access.intercept.FilterSecurityInterceptor.invoke(FilterSecurityInterceptor.java:127)\r\n	at org.springframework.security.web.access.intercept.FilterSecurityInterceptor.doFilter(FilterSecurityInterceptor.java:91)\r\n	at org.springframework.security.web.FilterChainProxyTVirtualFilterChain.doFilter(FilterChainProxy.java:334)\r\n	at org.springframework.security.web.access.ExceptionTranslationFilter.doFilter(ExceptionTranslationFilter.java:119)\r\n	at org.springframework.security.web.FilterChainProxyTVirtualFilterChain.doFilter(FilterChainProxy.java:334)\r\n	at org.springframework.security.web.session.SessionManagementFilter.doFilter(SessionManagementFilter.java:137)\r\n	at org.springframework.security.web.FilterChainProxyTVirtualFilterChain.doFilter(FilterChainProxy.java:334)\r\n	at org.springframework.security.web.authentication.AnonymousAuthenticationFilter.doFilter(AnonymousAuthenticationFilter.java:111)\r\n	at org.springframework.security.web.FilterChainProxyTVirtualFilterChain.doFilter(FilterChainProxy.java:334)\r\n	at org.springframework.security.web.servletapi.SecurityContextHolderAwareRequestFilter.doFilter(SecurityContextHolderAwareRequestFilter.java:170)\r\n	at org.springframework.security.web.FilterChainProxyTVirtualFilterChain.doFilter(FilterChainProxy.java:334)\r\n	at org.springframework.security.web.savedrequest.RequestCacheAwareFilter.doFilter(RequestCacheAwareFilter.java:63)\r\n	at org.springframework.security.web.FilterChainProxyTVirtualFilterChain.doFilter(FilterChainProxy.java:334)\r\n	at cn.stylefeng.guns.sys.core.auth.filter.JwtAuthorizationTokenFilter.doFilterInternal(JwtAuthorizationTokenFilter.java:114)\r\n	at org.springframework.web.filter.OncePerRequestFilter.doFilter(OncePerRequestFilter.java:109)\r\n	at org.springframework.security.web.FilterChainProxyTVirtualFilterChain.doFilter(FilterChainProxy.java:334)\r\n	at org.springframework.web.filter.CorsFilter.doFilterInternal(CorsFilter.java:96)\r\n	at org.springframework.web.filter.OncePerRequestFilter.doFilter(OncePerRequestFilter.java:109)\r\n	at org.springframework.security.web.FilterChainProxyTVirtualFilterChain.doFilter(FilterChainProxy.java:334)\r\n	at org.springframework.security.web.header.HeaderWriterFilter.doFilterInternal(HeaderWriterFilter.java:74)\r\n	at org.springframework.web.filter.OncePerRequestFilter.doFilter(OncePerRequestFilter.java:109)\r\n	at org.springframework.security.web.FilterChainProxyTVirtualFilterChain.doFilter(FilterChainProxy.java:334)\r\n	at org.springframework.security.web.context.SecurityContextPersistenceFilter.doFilter(SecurityContextPersistenceFilter.java:105)\r\n	at org.springframework.security.web.FilterChainProxyTVirtualFilterChain.doFilter(FilterChainProxy.java:334)\r\n	at org.springframework.security.web.context.request.async.WebAsyncManagerIntegrationFilter.doFilterInternal(WebAsyncManagerIntegrationFilter.java:56)\r\n	at org.springframework.web.filter.OncePerRequestFilter.doFilter(OncePerRequestFilter.java:109)\r\n	at org.springframework.security.web.FilterChainProxyTVirtualFilterChain.doFilter(FilterChainProxy.java:334)\r\n	at org.springframework.security.web.FilterChainProxy.doFilterInternal(FilterChainProxy.java:215)\r\n	at org.springframework.security.web.FilterChainProxy.doFilter(FilterChainProxy.java:178)\r\n	at org.springframework.web.filter.DelegatingFilterProxy.invokeDelegate(DelegatingFilterProxy.java:357)\r\n	at org.springframework.web.filter.DelegatingFilterProxy.doFilter(DelegatingFilterProxy.java:270)\r\n	at org.apache.catalina.core.ApplicationFilterChain.internalDoFilter(ApplicationFilterChain.java:193)\r\n	at org.apache.catalina.core.ApplicationFilterChain.doFilter(ApplicationFilterChain.java:166)\r\n	at org.springframework.web.filter.RequestContextFilter.doFilterInternal(RequestContextFilter.java:99)\r\n	at org.springframework.web.filter.OncePerRequestFilter.doFilter(OncePerRequestFilter.java:109)\r\n	at org.apache.catalina.core.ApplicationFilterChain.internalDoFilter(ApplicationFilterChain.java:193)\r\n	at org.apache.catalina.core.ApplicationFilterChain.doFilter(ApplicationFilterChain.java:166)\r\n	at org.springframework.web.filter.FormContentFilter.doFilterInternal(FormContentFilter.java:92)\r\n	at org.springframework.web.filter.OncePerRequestFilter.doFilter(OncePerRequestFilter.java:109)\r\n	at org.apache.catalina.core.ApplicationFilterChain.internalDoFilter(ApplicationFilterChain.java:193)\r\n	at org.apache.catalina.core.ApplicationFilterChain.doFilter(ApplicationFilterChain.java:166)\r\n	at org.springframework.web.filter.HiddenHttpMethodFilter.doFilterInternal(HiddenHttpMethodFilter.java:93)\r\n	at org.springframework.web.filter.OncePerRequestFilter.doFilter(OncePerRequestFilter.java:109)\r\n	at org.apache.catalina.core.ApplicationFilterChain.internalDoFilter(ApplicationFilterChain.java:193)\r\n	at org.apache.catalina.core.ApplicationFilterChain.doFilter(ApplicationFilterChain.java:166)\r\n	at org.springframework.web.filter.CharacterEncodingFilter.doFilterInternal(CharacterEncodingFilter.java:200)\r\n	at org.springframework.web.filter.OncePerRequestFilter.doFilter(OncePerRequestFilter.java:109)\r\n	at org.apache.catalina.core.ApplicationFilterChain.internalDoFilter(ApplicationFilterChain.java:193)\r\n	at org.apache.catalina.core.ApplicationFilterChain.doFilter(ApplicationFilterChain.java:166)\r\n	at org.apache.catalina.core.StandardWrapperValve.invoke(StandardWrapperValve.java:202)\r\n	at org.apache.catalina.core.StandardContextValve.invoke(StandardContextValve.java:96)\r\n	at org.apache.catalina.authenticator.AuthenticatorBase.invoke(AuthenticatorBase.java:490)\r\n	at org.apache.catalina.core.StandardHostValve.invoke(StandardHostValve.java:139)\r\n	at org.apache.catalina.valves.ErrorReportValve.invoke(ErrorReportValve.java:92)\r\n	at org.apache.catalina.core.StandardEngineValve.invoke(StandardEngineValve.java:74)\r\n	at org.apache.catalina.connector.CoyoteAdapter.service(CoyoteAdapter.java:343)\r\n	at org.apache.coyote.http11.Http11Processor.service(Http11Processor.java:408)\r\n	at org.apache.coyote.AbstractProcessorLight.process(AbstractProcessorLight.java:66)\r\n	at org.apache.coyote.AbstractProtocolTConnectionHandler.process(AbstractProtocol.java:853)\r\n	at org.apache.tomcat.util.net.NioEndpointTSocketProcessor.doRun(NioEndpoint.java:1587)\r\n	at org.apache.tomcat.util.net.SocketProcessorBase.run(SocketProcessorBase.java:49)\r\n	at java.util.concurrent.ThreadPoolExecutor.runWorker(ThreadPoolExecutor.java:1142)\r\n	at java.util.concurrent.ThreadPoolExecutorTWorker.run(ThreadPoolExecutor.java:617)\r\n	at org.apache.tomcat.util.threads.TaskThreadTWrappingRunnable.run(TaskThread.java:61)\r\n	at java.lang.Thread.run(Thread.java:748)\r\n'),(1216209565662244866,'异常日志','',1,NULL,NULL,'2020-01-12 12:05:31','失败','java.lang.NullPointerException\r\n	at cn.lac.wechat.service.impl.ArticleServiceImpl.getList(ArticleServiceImpl.java:50)\r\n	at cn.lac.wechat.service.impl.ArticleServiceImplTTFastClassBySpringCGLIBTTcbed750f.invoke(<generated>)\r\n	at org.springframework.cglib.proxy.MethodProxy.invoke(MethodProxy.java:218)\r\n	at org.springframework.aop.framework.CglibAopProxyTDynamicAdvisedInterceptor.intercept(CglibAopProxy.java:684)\r\n	at cn.lac.wechat.service.impl.ArticleServiceImplTTEnhancerBySpringCGLIBTTe03dceb1.getList(<generated>)\r\n	at cn.lac.wechat.controller.AdminController.list(AdminController.java:44)\r\n	at sun.reflect.NativeMethodAccessorImpl.invoke0(Native Method)\r\n	at sun.reflect.NativeMethodAccessorImpl.invoke(NativeMethodAccessorImpl.java:62)\r\n	at sun.reflect.DelegatingMethodAccessorImpl.invoke(DelegatingMethodAccessorImpl.java:43)\r\n	at java.lang.reflect.Method.invoke(Method.java:498)\r\n	at org.springframework.web.method.support.InvocableHandlerMethod.doInvoke(InvocableHandlerMethod.java:190)\r\n	at org.springframework.web.method.support.InvocableHandlerMethod.invokeForRequest(InvocableHandlerMethod.java:138)\r\n	at org.springframework.web.servlet.mvc.method.annotation.ServletInvocableHandlerMethod.invokeAndHandle(ServletInvocableHandlerMethod.java:104)\r\n	at org.springframework.web.servlet.mvc.method.annotation.RequestMappingHandlerAdapter.invokeHandlerMethod(RequestMappingHandlerAdapter.java:892)\r\n	at org.springframework.web.servlet.mvc.method.annotation.RequestMappingHandlerAdapter.handleInternal(RequestMappingHandlerAdapter.java:797)\r\n	at org.springframework.web.servlet.mvc.method.AbstractHandlerMethodAdapter.handle(AbstractHandlerMethodAdapter.java:87)\r\n	at org.springframework.web.servlet.DispatcherServlet.doDispatch(DispatcherServlet.java:1039)\r\n	at org.springframework.web.servlet.DispatcherServlet.doService(DispatcherServlet.java:942)\r\n	at org.springframework.web.servlet.FrameworkServlet.processRequest(FrameworkServlet.java:1005)\r\n	at org.springframework.web.servlet.FrameworkServlet.doGet(FrameworkServlet.java:897)\r\n	at javax.servlet.http.HttpServlet.service(HttpServlet.java:645)\r\n	at org.springframework.web.servlet.FrameworkServlet.service(FrameworkServlet.java:882)\r\n	at javax.servlet.http.HttpServlet.service(HttpServlet.java:750)\r\n	at org.apache.catalina.core.ApplicationFilterChain.internalDoFilter(ApplicationFilterChain.java:231)\r\n	at org.apache.catalina.core.ApplicationFilterChain.doFilter(ApplicationFilterChain.java:166)\r\n	at org.apache.tomcat.websocket.server.WsFilter.doFilter(WsFilter.java:53)\r\n	at org.apache.catalina.core.ApplicationFilterChain.internalDoFilter(ApplicationFilterChain.java:193)\r\n	at org.apache.catalina.core.ApplicationFilterChain.doFilter(ApplicationFilterChain.java:166)\r\n	at org.springframework.web.filter.OncePerRequestFilter.doFilter(OncePerRequestFilter.java:103)\r\n	at org.apache.catalina.core.ApplicationFilterChain.internalDoFilter(ApplicationFilterChain.java:193)\r\n	at org.apache.catalina.core.ApplicationFilterChain.doFilter(ApplicationFilterChain.java:166)\r\n	at cn.stylefeng.roses.core.xss.XssFilter.doFilter(XssFilter.java:31)\r\n	at org.apache.catalina.core.ApplicationFilterChain.internalDoFilter(ApplicationFilterChain.java:193)\r\n	at org.apache.catalina.core.ApplicationFilterChain.doFilter(ApplicationFilterChain.java:166)\r\n	at com.alibaba.druid.support.http.WebStatFilter.doFilter(WebStatFilter.java:124)\r\n	at org.apache.catalina.core.ApplicationFilterChain.internalDoFilter(ApplicationFilterChain.java:193)\r\n	at org.apache.catalina.core.ApplicationFilterChain.doFilter(ApplicationFilterChain.java:166)\r\n	at org.springframework.security.web.FilterChainProxyTVirtualFilterChain.doFilter(FilterChainProxy.java:320)\r\n	at org.springframework.security.web.access.intercept.FilterSecurityInterceptor.invoke(FilterSecurityInterceptor.java:127)\r\n	at org.springframework.security.web.access.intercept.FilterSecurityInterceptor.doFilter(FilterSecurityInterceptor.java:91)\r\n	at org.springframework.security.web.FilterChainProxyTVirtualFilterChain.doFilter(FilterChainProxy.java:334)\r\n	at org.springframework.security.web.access.ExceptionTranslationFilter.doFilter(ExceptionTranslationFilter.java:119)\r\n	at org.springframework.security.web.FilterChainProxyTVirtualFilterChain.doFilter(FilterChainProxy.java:334)\r\n	at org.springframework.security.web.session.SessionManagementFilter.doFilter(SessionManagementFilter.java:137)\r\n	at org.springframework.security.web.FilterChainProxyTVirtualFilterChain.doFilter(FilterChainProxy.java:334)\r\n	at org.springframework.security.web.authentication.AnonymousAuthenticationFilter.doFilter(AnonymousAuthenticationFilter.java:111)\r\n	at org.springframework.security.web.FilterChainProxyTVirtualFilterChain.doFilter(FilterChainProxy.java:334)\r\n	at org.springframework.security.web.servletapi.SecurityContextHolderAwareRequestFilter.doFilter(SecurityContextHolderAwareRequestFilter.java:170)\r\n	at org.springframework.security.web.FilterChainProxyTVirtualFilterChain.doFilter(FilterChainProxy.java:334)\r\n	at org.springframework.security.web.savedrequest.RequestCacheAwareFilter.doFilter(RequestCacheAwareFilter.java:63)\r\n	at org.springframework.security.web.FilterChainProxyTVirtualFilterChain.doFilter(FilterChainProxy.java:334)\r\n	at cn.stylefeng.guns.sys.core.auth.filter.JwtAuthorizationTokenFilter.doFilterInternal(JwtAuthorizationTokenFilter.java:114)\r\n	at org.springframework.web.filter.OncePerRequestFilter.doFilter(OncePerRequestFilter.java:109)\r\n	at org.springframework.security.web.FilterChainProxyTVirtualFilterChain.doFilter(FilterChainProxy.java:334)\r\n	at org.springframework.web.filter.CorsFilter.doFilterInternal(CorsFilter.java:96)\r\n	at org.springframework.web.filter.OncePerRequestFilter.doFilter(OncePerRequestFilter.java:109)\r\n	at org.springframework.security.web.FilterChainProxyTVirtualFilterChain.doFilter(FilterChainProxy.java:334)\r\n	at org.springframework.security.web.header.HeaderWriterFilter.doFilterInternal(HeaderWriterFilter.java:74)\r\n	at org.springframework.web.filter.OncePerRequestFilter.doFilter(OncePerRequestFilter.java:109)\r\n	at org.springframework.security.web.FilterChainProxyTVirtualFilterChain.doFilter(FilterChainProxy.java:334)\r\n	at org.springframework.security.web.context.SecurityContextPersistenceFilter.doFilter(SecurityContextPersistenceFilter.java:105)\r\n	at org.springframework.security.web.FilterChainProxyTVirtualFilterChain.doFilter(FilterChainProxy.java:334)\r\n	at org.springframework.security.web.context.request.async.WebAsyncManagerIntegrationFilter.doFilterInternal(WebAsyncManagerIntegrationFilter.java:56)\r\n	at org.springframework.web.filter.OncePerRequestFilter.doFilter(OncePerRequestFilter.java:109)\r\n	at org.springframework.security.web.FilterChainProxyTVirtualFilterChain.doFilter(FilterChainProxy.java:334)\r\n	at org.springframework.security.web.FilterChainProxy.doFilterInternal(FilterChainProxy.java:215)\r\n	at org.springframework.security.web.FilterChainProxy.doFilter(FilterChainProxy.java:178)\r\n	at org.springframework.web.filter.DelegatingFilterProxy.invokeDelegate(DelegatingFilterProxy.java:357)\r\n	at org.springframework.web.filter.DelegatingFilterProxy.doFilter(DelegatingFilterProxy.java:270)\r\n	at org.apache.catalina.core.ApplicationFilterChain.internalDoFilter(ApplicationFilterChain.java:193)\r\n	at org.apache.catalina.core.ApplicationFilterChain.doFilter(ApplicationFilterChain.java:166)\r\n	at org.springframework.web.filter.RequestContextFilter.doFilterInternal(RequestContextFilter.java:99)\r\n	at org.springframework.web.filter.OncePerRequestFilter.doFilter(OncePerRequestFilter.java:109)\r\n	at org.apache.catalina.core.ApplicationFilterChain.internalDoFilter(ApplicationFilterChain.java:193)\r\n	at org.apache.catalina.core.ApplicationFilterChain.doFilter(ApplicationFilterChain.java:166)\r\n	at org.springframework.web.filter.FormContentFilter.doFilterInternal(FormContentFilter.java:92)\r\n	at org.springframework.web.filter.OncePerRequestFilter.doFilter(OncePerRequestFilter.java:109)\r\n	at org.apache.catalina.core.ApplicationFilterChain.internalDoFilter(ApplicationFilterChain.java:193)\r\n	at org.apache.catalina.core.ApplicationFilterChain.doFilter(ApplicationFilterChain.java:166)\r\n	at org.springframework.web.filter.HiddenHttpMethodFilter.doFilterInternal(HiddenHttpMethodFilter.java:93)\r\n	at org.springframework.web.filter.OncePerRequestFilter.doFilter(OncePerRequestFilter.java:109)\r\n	at org.apache.catalina.core.ApplicationFilterChain.internalDoFilter(ApplicationFilterChain.java:193)\r\n	at org.apache.catalina.core.ApplicationFilterChain.doFilter(ApplicationFilterChain.java:166)\r\n	at org.springframework.web.filter.CharacterEncodingFilter.doFilterInternal(CharacterEncodingFilter.java:200)\r\n	at org.springframework.web.filter.OncePerRequestFilter.doFilter(OncePerRequestFilter.java:109)\r\n	at org.apache.catalina.core.ApplicationFilterChain.internalDoFilter(ApplicationFilterChain.java:193)\r\n	at org.apache.catalina.core.ApplicationFilterChain.doFilter(ApplicationFilterChain.java:166)\r\n	at org.apache.catalina.core.StandardWrapperValve.invoke(StandardWrapperValve.java:202)\r\n	at org.apache.catalina.core.StandardContextValve.invoke(StandardContextValve.java:96)\r\n	at org.apache.catalina.authenticator.AuthenticatorBase.invoke(AuthenticatorBase.java:490)\r\n	at org.apache.catalina.core.StandardHostValve.invoke(StandardHostValve.java:139)\r\n	at org.apache.catalina.valves.ErrorReportValve.invoke(ErrorReportValve.java:92)\r\n	at org.apache.catalina.core.StandardEngineValve.invoke(StandardEngineValve.java:74)\r\n	at org.apache.catalina.connector.CoyoteAdapter.service(CoyoteAdapter.java:343)\r\n	at org.apache.coyote.http11.Http11Processor.service(Http11Processor.java:408)\r\n	at org.apache.coyote.AbstractProcessorLight.process(AbstractProcessorLight.java:66)\r\n	at org.apache.coyote.AbstractProtocolTConnectionHandler.process(AbstractProtocol.java:853)\r\n	at org.apache.tomcat.util.net.NioEndpointTSocketProcessor.doRun(NioEndpoint.java:1587)\r\n	at org.apache.tomcat.util.net.SocketProcessorBase.run(SocketProcessorBase.java:49)\r\n	at java.util.concurrent.ThreadPoolExecutor.runWorker(ThreadPoolExecutor.java:1142)\r\n	at java.util.concurrent.ThreadPoolExecutorTWorker.run(ThreadPoolExecutor.java:617)\r\n	at org.apache.tomcat.util.threads.TaskThreadTWrappingRunnable.run(TaskThread.java:61)\r\n	at java.lang.Thread.run(Thread.java:748)\r\n'),(1216209684134555649,'异常日志','',1,NULL,NULL,'2020-01-12 12:05:59','失败','java.lang.NullPointerException\r\n	at cn.lac.wechat.service.impl.ArticleServiceImpl.getList(ArticleServiceImpl.java:50)\r\n	at cn.lac.wechat.service.impl.ArticleServiceImplTTFastClassBySpringCGLIBTTcbed750f.invoke(<generated>)\r\n	at org.springframework.cglib.proxy.MethodProxy.invoke(MethodProxy.java:218)\r\n	at org.springframework.aop.framework.CglibAopProxyTDynamicAdvisedInterceptor.intercept(CglibAopProxy.java:684)\r\n	at cn.lac.wechat.service.impl.ArticleServiceImplTTEnhancerBySpringCGLIBTTe03dceb1.getList(<generated>)\r\n	at cn.lac.wechat.controller.AdminController.list(AdminController.java:44)\r\n	at sun.reflect.NativeMethodAccessorImpl.invoke0(Native Method)\r\n	at sun.reflect.NativeMethodAccessorImpl.invoke(NativeMethodAccessorImpl.java:62)\r\n	at sun.reflect.DelegatingMethodAccessorImpl.invoke(DelegatingMethodAccessorImpl.java:43)\r\n	at java.lang.reflect.Method.invoke(Method.java:498)\r\n	at org.springframework.web.method.support.InvocableHandlerMethod.doInvoke(InvocableHandlerMethod.java:190)\r\n	at org.springframework.web.method.support.InvocableHandlerMethod.invokeForRequest(InvocableHandlerMethod.java:138)\r\n	at org.springframework.web.servlet.mvc.method.annotation.ServletInvocableHandlerMethod.invokeAndHandle(ServletInvocableHandlerMethod.java:104)\r\n	at org.springframework.web.servlet.mvc.method.annotation.RequestMappingHandlerAdapter.invokeHandlerMethod(RequestMappingHandlerAdapter.java:892)\r\n	at org.springframework.web.servlet.mvc.method.annotation.RequestMappingHandlerAdapter.handleInternal(RequestMappingHandlerAdapter.java:797)\r\n	at org.springframework.web.servlet.mvc.method.AbstractHandlerMethodAdapter.handle(AbstractHandlerMethodAdapter.java:87)\r\n	at org.springframework.web.servlet.DispatcherServlet.doDispatch(DispatcherServlet.java:1039)\r\n	at org.springframework.web.servlet.DispatcherServlet.doService(DispatcherServlet.java:942)\r\n	at org.springframework.web.servlet.FrameworkServlet.processRequest(FrameworkServlet.java:1005)\r\n	at org.springframework.web.servlet.FrameworkServlet.doGet(FrameworkServlet.java:897)\r\n	at javax.servlet.http.HttpServlet.service(HttpServlet.java:645)\r\n	at org.springframework.web.servlet.FrameworkServlet.service(FrameworkServlet.java:882)\r\n	at javax.servlet.http.HttpServlet.service(HttpServlet.java:750)\r\n	at org.apache.catalina.core.ApplicationFilterChain.internalDoFilter(ApplicationFilterChain.java:231)\r\n	at org.apache.catalina.core.ApplicationFilterChain.doFilter(ApplicationFilterChain.java:166)\r\n	at org.apache.tomcat.websocket.server.WsFilter.doFilter(WsFilter.java:53)\r\n	at org.apache.catalina.core.ApplicationFilterChain.internalDoFilter(ApplicationFilterChain.java:193)\r\n	at org.apache.catalina.core.ApplicationFilterChain.doFilter(ApplicationFilterChain.java:166)\r\n	at org.springframework.web.filter.OncePerRequestFilter.doFilter(OncePerRequestFilter.java:103)\r\n	at org.apache.catalina.core.ApplicationFilterChain.internalDoFilter(ApplicationFilterChain.java:193)\r\n	at org.apache.catalina.core.ApplicationFilterChain.doFilter(ApplicationFilterChain.java:166)\r\n	at cn.stylefeng.roses.core.xss.XssFilter.doFilter(XssFilter.java:31)\r\n	at org.apache.catalina.core.ApplicationFilterChain.internalDoFilter(ApplicationFilterChain.java:193)\r\n	at org.apache.catalina.core.ApplicationFilterChain.doFilter(ApplicationFilterChain.java:166)\r\n	at com.alibaba.druid.support.http.WebStatFilter.doFilter(WebStatFilter.java:124)\r\n	at org.apache.catalina.core.ApplicationFilterChain.internalDoFilter(ApplicationFilterChain.java:193)\r\n	at org.apache.catalina.core.ApplicationFilterChain.doFilter(ApplicationFilterChain.java:166)\r\n	at org.springframework.security.web.FilterChainProxyTVirtualFilterChain.doFilter(FilterChainProxy.java:320)\r\n	at org.springframework.security.web.access.intercept.FilterSecurityInterceptor.invoke(FilterSecurityInterceptor.java:127)\r\n	at org.springframework.security.web.access.intercept.FilterSecurityInterceptor.doFilter(FilterSecurityInterceptor.java:91)\r\n	at org.springframework.security.web.FilterChainProxyTVirtualFilterChain.doFilter(FilterChainProxy.java:334)\r\n	at org.springframework.security.web.access.ExceptionTranslationFilter.doFilter(ExceptionTranslationFilter.java:119)\r\n	at org.springframework.security.web.FilterChainProxyTVirtualFilterChain.doFilter(FilterChainProxy.java:334)\r\n	at org.springframework.security.web.session.SessionManagementFilter.doFilter(SessionManagementFilter.java:137)\r\n	at org.springframework.security.web.FilterChainProxyTVirtualFilterChain.doFilter(FilterChainProxy.java:334)\r\n	at org.springframework.security.web.authentication.AnonymousAuthenticationFilter.doFilter(AnonymousAuthenticationFilter.java:111)\r\n	at org.springframework.security.web.FilterChainProxyTVirtualFilterChain.doFilter(FilterChainProxy.java:334)\r\n	at org.springframework.security.web.servletapi.SecurityContextHolderAwareRequestFilter.doFilter(SecurityContextHolderAwareRequestFilter.java:170)\r\n	at org.springframework.security.web.FilterChainProxyTVirtualFilterChain.doFilter(FilterChainProxy.java:334)\r\n	at org.springframework.security.web.savedrequest.RequestCacheAwareFilter.doFilter(RequestCacheAwareFilter.java:63)\r\n	at org.springframework.security.web.FilterChainProxyTVirtualFilterChain.doFilter(FilterChainProxy.java:334)\r\n	at cn.stylefeng.guns.sys.core.auth.filter.JwtAuthorizationTokenFilter.doFilterInternal(JwtAuthorizationTokenFilter.java:114)\r\n	at org.springframework.web.filter.OncePerRequestFilter.doFilter(OncePerRequestFilter.java:109)\r\n	at org.springframework.security.web.FilterChainProxyTVirtualFilterChain.doFilter(FilterChainProxy.java:334)\r\n	at org.springframework.web.filter.CorsFilter.doFilterInternal(CorsFilter.java:96)\r\n	at org.springframework.web.filter.OncePerRequestFilter.doFilter(OncePerRequestFilter.java:109)\r\n	at org.springframework.security.web.FilterChainProxyTVirtualFilterChain.doFilter(FilterChainProxy.java:334)\r\n	at org.springframework.security.web.header.HeaderWriterFilter.doFilterInternal(HeaderWriterFilter.java:74)\r\n	at org.springframework.web.filter.OncePerRequestFilter.doFilter(OncePerRequestFilter.java:109)\r\n	at org.springframework.security.web.FilterChainProxyTVirtualFilterChain.doFilter(FilterChainProxy.java:334)\r\n	at org.springframework.security.web.context.SecurityContextPersistenceFilter.doFilter(SecurityContextPersistenceFilter.java:105)\r\n	at org.springframework.security.web.FilterChainProxyTVirtualFilterChain.doFilter(FilterChainProxy.java:334)\r\n	at org.springframework.security.web.context.request.async.WebAsyncManagerIntegrationFilter.doFilterInternal(WebAsyncManagerIntegrationFilter.java:56)\r\n	at org.springframework.web.filter.OncePerRequestFilter.doFilter(OncePerRequestFilter.java:109)\r\n	at org.springframework.security.web.FilterChainProxyTVirtualFilterChain.doFilter(FilterChainProxy.java:334)\r\n	at org.springframework.security.web.FilterChainProxy.doFilterInternal(FilterChainProxy.java:215)\r\n	at org.springframework.security.web.FilterChainProxy.doFilter(FilterChainProxy.java:178)\r\n	at org.springframework.web.filter.DelegatingFilterProxy.invokeDelegate(DelegatingFilterProxy.java:357)\r\n	at org.springframework.web.filter.DelegatingFilterProxy.doFilter(DelegatingFilterProxy.java:270)\r\n	at org.apache.catalina.core.ApplicationFilterChain.internalDoFilter(ApplicationFilterChain.java:193)\r\n	at org.apache.catalina.core.ApplicationFilterChain.doFilter(ApplicationFilterChain.java:166)\r\n	at org.springframework.web.filter.RequestContextFilter.doFilterInternal(RequestContextFilter.java:99)\r\n	at org.springframework.web.filter.OncePerRequestFilter.doFilter(OncePerRequestFilter.java:109)\r\n	at org.apache.catalina.core.ApplicationFilterChain.internalDoFilter(ApplicationFilterChain.java:193)\r\n	at org.apache.catalina.core.ApplicationFilterChain.doFilter(ApplicationFilterChain.java:166)\r\n	at org.springframework.web.filter.FormContentFilter.doFilterInternal(FormContentFilter.java:92)\r\n	at org.springframework.web.filter.OncePerRequestFilter.doFilter(OncePerRequestFilter.java:109)\r\n	at org.apache.catalina.core.ApplicationFilterChain.internalDoFilter(ApplicationFilterChain.java:193)\r\n	at org.apache.catalina.core.ApplicationFilterChain.doFilter(ApplicationFilterChain.java:166)\r\n	at org.springframework.web.filter.HiddenHttpMethodFilter.doFilterInternal(HiddenHttpMethodFilter.java:93)\r\n	at org.springframework.web.filter.OncePerRequestFilter.doFilter(OncePerRequestFilter.java:109)\r\n	at org.apache.catalina.core.ApplicationFilterChain.internalDoFilter(ApplicationFilterChain.java:193)\r\n	at org.apache.catalina.core.ApplicationFilterChain.doFilter(ApplicationFilterChain.java:166)\r\n	at org.springframework.web.filter.CharacterEncodingFilter.doFilterInternal(CharacterEncodingFilter.java:200)\r\n	at org.springframework.web.filter.OncePerRequestFilter.doFilter(OncePerRequestFilter.java:109)\r\n	at org.apache.catalina.core.ApplicationFilterChain.internalDoFilter(ApplicationFilterChain.java:193)\r\n	at org.apache.catalina.core.ApplicationFilterChain.doFilter(ApplicationFilterChain.java:166)\r\n	at org.apache.catalina.core.StandardWrapperValve.invoke(StandardWrapperValve.java:202)\r\n	at org.apache.catalina.core.StandardContextValve.invoke(StandardContextValve.java:96)\r\n	at org.apache.catalina.authenticator.AuthenticatorBase.invoke(AuthenticatorBase.java:490)\r\n	at org.apache.catalina.core.StandardHostValve.invoke(StandardHostValve.java:139)\r\n	at org.apache.catalina.valves.ErrorReportValve.invoke(ErrorReportValve.java:92)\r\n	at org.apache.catalina.core.StandardEngineValve.invoke(StandardEngineValve.java:74)\r\n	at org.apache.catalina.connector.CoyoteAdapter.service(CoyoteAdapter.java:343)\r\n	at org.apache.coyote.http11.Http11Processor.service(Http11Processor.java:408)\r\n	at org.apache.coyote.AbstractProcessorLight.process(AbstractProcessorLight.java:66)\r\n	at org.apache.coyote.AbstractProtocolTConnectionHandler.process(AbstractProtocol.java:853)\r\n	at org.apache.tomcat.util.net.NioEndpointTSocketProcessor.doRun(NioEndpoint.java:1587)\r\n	at org.apache.tomcat.util.net.SocketProcessorBase.run(SocketProcessorBase.java:49)\r\n	at java.util.concurrent.ThreadPoolExecutor.runWorker(ThreadPoolExecutor.java:1142)\r\n	at java.util.concurrent.ThreadPoolExecutorTWorker.run(ThreadPoolExecutor.java:617)\r\n	at org.apache.tomcat.util.threads.TaskThreadTWrappingRunnable.run(TaskThread.java:61)\r\n	at java.lang.Thread.run(Thread.java:748)\r\n'),(1216210473154441218,'异常日志','',1,NULL,NULL,'2020-01-12 12:09:07','失败','java.lang.NullPointerException\r\n	at cn.lac.wechat.service.impl.ArticleServiceImpl.getList(ArticleServiceImpl.java:50)\r\n	at cn.lac.wechat.service.impl.ArticleServiceImplTTFastClassBySpringCGLIBTTcbed750f.invoke(<generated>)\r\n	at org.springframework.cglib.proxy.MethodProxy.invoke(MethodProxy.java:218)\r\n	at org.springframework.aop.framework.CglibAopProxyTDynamicAdvisedInterceptor.intercept(CglibAopProxy.java:684)\r\n	at cn.lac.wechat.service.impl.ArticleServiceImplTTEnhancerBySpringCGLIBTTe03dceb1.getList(<generated>)\r\n	at cn.lac.wechat.controller.AdminController.list(AdminController.java:44)\r\n	at sun.reflect.NativeMethodAccessorImpl.invoke0(Native Method)\r\n	at sun.reflect.NativeMethodAccessorImpl.invoke(NativeMethodAccessorImpl.java:62)\r\n	at sun.reflect.DelegatingMethodAccessorImpl.invoke(DelegatingMethodAccessorImpl.java:43)\r\n	at java.lang.reflect.Method.invoke(Method.java:498)\r\n	at org.springframework.web.method.support.InvocableHandlerMethod.doInvoke(InvocableHandlerMethod.java:190)\r\n	at org.springframework.web.method.support.InvocableHandlerMethod.invokeForRequest(InvocableHandlerMethod.java:138)\r\n	at org.springframework.web.servlet.mvc.method.annotation.ServletInvocableHandlerMethod.invokeAndHandle(ServletInvocableHandlerMethod.java:104)\r\n	at org.springframework.web.servlet.mvc.method.annotation.RequestMappingHandlerAdapter.invokeHandlerMethod(RequestMappingHandlerAdapter.java:892)\r\n	at org.springframework.web.servlet.mvc.method.annotation.RequestMappingHandlerAdapter.handleInternal(RequestMappingHandlerAdapter.java:797)\r\n	at org.springframework.web.servlet.mvc.method.AbstractHandlerMethodAdapter.handle(AbstractHandlerMethodAdapter.java:87)\r\n	at org.springframework.web.servlet.DispatcherServlet.doDispatch(DispatcherServlet.java:1039)\r\n	at org.springframework.web.servlet.DispatcherServlet.doService(DispatcherServlet.java:942)\r\n	at org.springframework.web.servlet.FrameworkServlet.processRequest(FrameworkServlet.java:1005)\r\n	at org.springframework.web.servlet.FrameworkServlet.doGet(FrameworkServlet.java:897)\r\n	at javax.servlet.http.HttpServlet.service(HttpServlet.java:645)\r\n	at org.springframework.web.servlet.FrameworkServlet.service(FrameworkServlet.java:882)\r\n	at javax.servlet.http.HttpServlet.service(HttpServlet.java:750)\r\n	at org.apache.catalina.core.ApplicationFilterChain.internalDoFilter(ApplicationFilterChain.java:231)\r\n	at org.apache.catalina.core.ApplicationFilterChain.doFilter(ApplicationFilterChain.java:166)\r\n	at org.apache.tomcat.websocket.server.WsFilter.doFilter(WsFilter.java:53)\r\n	at org.apache.catalina.core.ApplicationFilterChain.internalDoFilter(ApplicationFilterChain.java:193)\r\n	at org.apache.catalina.core.ApplicationFilterChain.doFilter(ApplicationFilterChain.java:166)\r\n	at org.springframework.web.filter.OncePerRequestFilter.doFilter(OncePerRequestFilter.java:103)\r\n	at org.apache.catalina.core.ApplicationFilterChain.internalDoFilter(ApplicationFilterChain.java:193)\r\n	at org.apache.catalina.core.ApplicationFilterChain.doFilter(ApplicationFilterChain.java:166)\r\n	at cn.stylefeng.roses.core.xss.XssFilter.doFilter(XssFilter.java:31)\r\n	at org.apache.catalina.core.ApplicationFilterChain.internalDoFilter(ApplicationFilterChain.java:193)\r\n	at org.apache.catalina.core.ApplicationFilterChain.doFilter(ApplicationFilterChain.java:166)\r\n	at com.alibaba.druid.support.http.WebStatFilter.doFilter(WebStatFilter.java:124)\r\n	at org.apache.catalina.core.ApplicationFilterChain.internalDoFilter(ApplicationFilterChain.java:193)\r\n	at org.apache.catalina.core.ApplicationFilterChain.doFilter(ApplicationFilterChain.java:166)\r\n	at org.springframework.security.web.FilterChainProxyTVirtualFilterChain.doFilter(FilterChainProxy.java:320)\r\n	at org.springframework.security.web.access.intercept.FilterSecurityInterceptor.invoke(FilterSecurityInterceptor.java:127)\r\n	at org.springframework.security.web.access.intercept.FilterSecurityInterceptor.doFilter(FilterSecurityInterceptor.java:91)\r\n	at org.springframework.security.web.FilterChainProxyTVirtualFilterChain.doFilter(FilterChainProxy.java:334)\r\n	at org.springframework.security.web.access.ExceptionTranslationFilter.doFilter(ExceptionTranslationFilter.java:119)\r\n	at org.springframework.security.web.FilterChainProxyTVirtualFilterChain.doFilter(FilterChainProxy.java:334)\r\n	at org.springframework.security.web.session.SessionManagementFilter.doFilter(SessionManagementFilter.java:137)\r\n	at org.springframework.security.web.FilterChainProxyTVirtualFilterChain.doFilter(FilterChainProxy.java:334)\r\n	at org.springframework.security.web.authentication.AnonymousAuthenticationFilter.doFilter(AnonymousAuthenticationFilter.java:111)\r\n	at org.springframework.security.web.FilterChainProxyTVirtualFilterChain.doFilter(FilterChainProxy.java:334)\r\n	at org.springframework.security.web.servletapi.SecurityContextHolderAwareRequestFilter.doFilter(SecurityContextHolderAwareRequestFilter.java:170)\r\n	at org.springframework.security.web.FilterChainProxyTVirtualFilterChain.doFilter(FilterChainProxy.java:334)\r\n	at org.springframework.security.web.savedrequest.RequestCacheAwareFilter.doFilter(RequestCacheAwareFilter.java:63)\r\n	at org.springframework.security.web.FilterChainProxyTVirtualFilterChain.doFilter(FilterChainProxy.java:334)\r\n	at cn.stylefeng.guns.sys.core.auth.filter.JwtAuthorizationTokenFilter.doFilterInternal(JwtAuthorizationTokenFilter.java:114)\r\n	at org.springframework.web.filter.OncePerRequestFilter.doFilter(OncePerRequestFilter.java:109)\r\n	at org.springframework.security.web.FilterChainProxyTVirtualFilterChain.doFilter(FilterChainProxy.java:334)\r\n	at org.springframework.web.filter.CorsFilter.doFilterInternal(CorsFilter.java:96)\r\n	at org.springframework.web.filter.OncePerRequestFilter.doFilter(OncePerRequestFilter.java:109)\r\n	at org.springframework.security.web.FilterChainProxyTVirtualFilterChain.doFilter(FilterChainProxy.java:334)\r\n	at org.springframework.security.web.header.HeaderWriterFilter.doFilterInternal(HeaderWriterFilter.java:74)\r\n	at org.springframework.web.filter.OncePerRequestFilter.doFilter(OncePerRequestFilter.java:109)\r\n	at org.springframework.security.web.FilterChainProxyTVirtualFilterChain.doFilter(FilterChainProxy.java:334)\r\n	at org.springframework.security.web.context.SecurityContextPersistenceFilter.doFilter(SecurityContextPersistenceFilter.java:105)\r\n	at org.springframework.security.web.FilterChainProxyTVirtualFilterChain.doFilter(FilterChainProxy.java:334)\r\n	at org.springframework.security.web.context.request.async.WebAsyncManagerIntegrationFilter.doFilterInternal(WebAsyncManagerIntegrationFilter.java:56)\r\n	at org.springframework.web.filter.OncePerRequestFilter.doFilter(OncePerRequestFilter.java:109)\r\n	at org.springframework.security.web.FilterChainProxyTVirtualFilterChain.doFilter(FilterChainProxy.java:334)\r\n	at org.springframework.security.web.FilterChainProxy.doFilterInternal(FilterChainProxy.java:215)\r\n	at org.springframework.security.web.FilterChainProxy.doFilter(FilterChainProxy.java:178)\r\n	at org.springframework.web.filter.DelegatingFilterProxy.invokeDelegate(DelegatingFilterProxy.java:357)\r\n	at org.springframework.web.filter.DelegatingFilterProxy.doFilter(DelegatingFilterProxy.java:270)\r\n	at org.apache.catalina.core.ApplicationFilterChain.internalDoFilter(ApplicationFilterChain.java:193)\r\n	at org.apache.catalina.core.ApplicationFilterChain.doFilter(ApplicationFilterChain.java:166)\r\n	at org.springframework.web.filter.RequestContextFilter.doFilterInternal(RequestContextFilter.java:99)\r\n	at org.springframework.web.filter.OncePerRequestFilter.doFilter(OncePerRequestFilter.java:109)\r\n	at org.apache.catalina.core.ApplicationFilterChain.internalDoFilter(ApplicationFilterChain.java:193)\r\n	at org.apache.catalina.core.ApplicationFilterChain.doFilter(ApplicationFilterChain.java:166)\r\n	at org.springframework.web.filter.FormContentFilter.doFilterInternal(FormContentFilter.java:92)\r\n	at org.springframework.web.filter.OncePerRequestFilter.doFilter(OncePerRequestFilter.java:109)\r\n	at org.apache.catalina.core.ApplicationFilterChain.internalDoFilter(ApplicationFilterChain.java:193)\r\n	at org.apache.catalina.core.ApplicationFilterChain.doFilter(ApplicationFilterChain.java:166)\r\n	at org.springframework.web.filter.HiddenHttpMethodFilter.doFilterInternal(HiddenHttpMethodFilter.java:93)\r\n	at org.springframework.web.filter.OncePerRequestFilter.doFilter(OncePerRequestFilter.java:109)\r\n	at org.apache.catalina.core.ApplicationFilterChain.internalDoFilter(ApplicationFilterChain.java:193)\r\n	at org.apache.catalina.core.ApplicationFilterChain.doFilter(ApplicationFilterChain.java:166)\r\n	at org.springframework.web.filter.CharacterEncodingFilter.doFilterInternal(CharacterEncodingFilter.java:200)\r\n	at org.springframework.web.filter.OncePerRequestFilter.doFilter(OncePerRequestFilter.java:109)\r\n	at org.apache.catalina.core.ApplicationFilterChain.internalDoFilter(ApplicationFilterChain.java:193)\r\n	at org.apache.catalina.core.ApplicationFilterChain.doFilter(ApplicationFilterChain.java:166)\r\n	at org.apache.catalina.core.StandardWrapperValve.invoke(StandardWrapperValve.java:202)\r\n	at org.apache.catalina.core.StandardContextValve.invoke(StandardContextValve.java:96)\r\n	at org.apache.catalina.authenticator.AuthenticatorBase.invoke(AuthenticatorBase.java:490)\r\n	at org.apache.catalina.core.StandardHostValve.invoke(StandardHostValve.java:139)\r\n	at org.apache.catalina.valves.ErrorReportValve.invoke(ErrorReportValve.java:92)\r\n	at org.apache.catalina.core.StandardEngineValve.invoke(StandardEngineValve.java:74)\r\n	at org.apache.catalina.connector.CoyoteAdapter.service(CoyoteAdapter.java:343)\r\n	at org.apache.coyote.http11.Http11Processor.service(Http11Processor.java:408)\r\n	at org.apache.coyote.AbstractProcessorLight.process(AbstractProcessorLight.java:66)\r\n	at org.apache.coyote.AbstractProtocolTConnectionHandler.process(AbstractProtocol.java:853)\r\n	at org.apache.tomcat.util.net.NioEndpointTSocketProcessor.doRun(NioEndpoint.java:1587)\r\n	at org.apache.tomcat.util.net.SocketProcessorBase.run(SocketProcessorBase.java:49)\r\n	at java.util.concurrent.ThreadPoolExecutor.runWorker(ThreadPoolExecutor.java:1142)\r\n	at java.util.concurrent.ThreadPoolExecutorTWorker.run(ThreadPoolExecutor.java:617)\r\n	at org.apache.tomcat.util.threads.TaskThreadTWrappingRunnable.run(TaskThread.java:61)\r\n	at java.lang.Thread.run(Thread.java:748)\r\n'),(1216210614607343617,'异常日志','',1,NULL,NULL,'2020-01-12 12:09:41','失败','java.lang.NullPointerException\r\n	at cn.lac.wechat.service.impl.ArticleServiceImpl.getList(ArticleServiceImpl.java:50)\r\n	at cn.lac.wechat.service.impl.ArticleServiceImplTTFastClassBySpringCGLIBTTcbed750f.invoke(<generated>)\r\n	at org.springframework.cglib.proxy.MethodProxy.invoke(MethodProxy.java:218)\r\n	at org.springframework.aop.framework.CglibAopProxyTDynamicAdvisedInterceptor.intercept(CglibAopProxy.java:684)\r\n	at cn.lac.wechat.service.impl.ArticleServiceImplTTEnhancerBySpringCGLIBTTe03dceb1.getList(<generated>)\r\n	at cn.lac.wechat.controller.AdminController.list(AdminController.java:44)\r\n	at sun.reflect.NativeMethodAccessorImpl.invoke0(Native Method)\r\n	at sun.reflect.NativeMethodAccessorImpl.invoke(NativeMethodAccessorImpl.java:62)\r\n	at sun.reflect.DelegatingMethodAccessorImpl.invoke(DelegatingMethodAccessorImpl.java:43)\r\n	at java.lang.reflect.Method.invoke(Method.java:498)\r\n	at org.springframework.web.method.support.InvocableHandlerMethod.doInvoke(InvocableHandlerMethod.java:190)\r\n	at org.springframework.web.method.support.InvocableHandlerMethod.invokeForRequest(InvocableHandlerMethod.java:138)\r\n	at org.springframework.web.servlet.mvc.method.annotation.ServletInvocableHandlerMethod.invokeAndHandle(ServletInvocableHandlerMethod.java:104)\r\n	at org.springframework.web.servlet.mvc.method.annotation.RequestMappingHandlerAdapter.invokeHandlerMethod(RequestMappingHandlerAdapter.java:892)\r\n	at org.springframework.web.servlet.mvc.method.annotation.RequestMappingHandlerAdapter.handleInternal(RequestMappingHandlerAdapter.java:797)\r\n	at org.springframework.web.servlet.mvc.method.AbstractHandlerMethodAdapter.handle(AbstractHandlerMethodAdapter.java:87)\r\n	at org.springframework.web.servlet.DispatcherServlet.doDispatch(DispatcherServlet.java:1039)\r\n	at org.springframework.web.servlet.DispatcherServlet.doService(DispatcherServlet.java:942)\r\n	at org.springframework.web.servlet.FrameworkServlet.processRequest(FrameworkServlet.java:1005)\r\n	at org.springframework.web.servlet.FrameworkServlet.doGet(FrameworkServlet.java:897)\r\n	at javax.servlet.http.HttpServlet.service(HttpServlet.java:645)\r\n	at org.springframework.web.servlet.FrameworkServlet.service(FrameworkServlet.java:882)\r\n	at javax.servlet.http.HttpServlet.service(HttpServlet.java:750)\r\n	at org.apache.catalina.core.ApplicationFilterChain.internalDoFilter(ApplicationFilterChain.java:231)\r\n	at org.apache.catalina.core.ApplicationFilterChain.doFilter(ApplicationFilterChain.java:166)\r\n	at org.apache.tomcat.websocket.server.WsFilter.doFilter(WsFilter.java:53)\r\n	at org.apache.catalina.core.ApplicationFilterChain.internalDoFilter(ApplicationFilterChain.java:193)\r\n	at org.apache.catalina.core.ApplicationFilterChain.doFilter(ApplicationFilterChain.java:166)\r\n	at org.springframework.web.filter.OncePerRequestFilter.doFilter(OncePerRequestFilter.java:103)\r\n	at org.apache.catalina.core.ApplicationFilterChain.internalDoFilter(ApplicationFilterChain.java:193)\r\n	at org.apache.catalina.core.ApplicationFilterChain.doFilter(ApplicationFilterChain.java:166)\r\n	at cn.stylefeng.roses.core.xss.XssFilter.doFilter(XssFilter.java:31)\r\n	at org.apache.catalina.core.ApplicationFilterChain.internalDoFilter(ApplicationFilterChain.java:193)\r\n	at org.apache.catalina.core.ApplicationFilterChain.doFilter(ApplicationFilterChain.java:166)\r\n	at com.alibaba.druid.support.http.WebStatFilter.doFilter(WebStatFilter.java:124)\r\n	at org.apache.catalina.core.ApplicationFilterChain.internalDoFilter(ApplicationFilterChain.java:193)\r\n	at org.apache.catalina.core.ApplicationFilterChain.doFilter(ApplicationFilterChain.java:166)\r\n	at org.springframework.security.web.FilterChainProxyTVirtualFilterChain.doFilter(FilterChainProxy.java:320)\r\n	at org.springframework.security.web.access.intercept.FilterSecurityInterceptor.invoke(FilterSecurityInterceptor.java:127)\r\n	at org.springframework.security.web.access.intercept.FilterSecurityInterceptor.doFilter(FilterSecurityInterceptor.java:91)\r\n	at org.springframework.security.web.FilterChainProxyTVirtualFilterChain.doFilter(FilterChainProxy.java:334)\r\n	at org.springframework.security.web.access.ExceptionTranslationFilter.doFilter(ExceptionTranslationFilter.java:119)\r\n	at org.springframework.security.web.FilterChainProxyTVirtualFilterChain.doFilter(FilterChainProxy.java:334)\r\n	at org.springframework.security.web.session.SessionManagementFilter.doFilter(SessionManagementFilter.java:137)\r\n	at org.springframework.security.web.FilterChainProxyTVirtualFilterChain.doFilter(FilterChainProxy.java:334)\r\n	at org.springframework.security.web.authentication.AnonymousAuthenticationFilter.doFilter(AnonymousAuthenticationFilter.java:111)\r\n	at org.springframework.security.web.FilterChainProxyTVirtualFilterChain.doFilter(FilterChainProxy.java:334)\r\n	at org.springframework.security.web.servletapi.SecurityContextHolderAwareRequestFilter.doFilter(SecurityContextHolderAwareRequestFilter.java:170)\r\n	at org.springframework.security.web.FilterChainProxyTVirtualFilterChain.doFilter(FilterChainProxy.java:334)\r\n	at org.springframework.security.web.savedrequest.RequestCacheAwareFilter.doFilter(RequestCacheAwareFilter.java:63)\r\n	at org.springframework.security.web.FilterChainProxyTVirtualFilterChain.doFilter(FilterChainProxy.java:334)\r\n	at cn.stylefeng.guns.sys.core.auth.filter.JwtAuthorizationTokenFilter.doFilterInternal(JwtAuthorizationTokenFilter.java:114)\r\n	at org.springframework.web.filter.OncePerRequestFilter.doFilter(OncePerRequestFilter.java:109)\r\n	at org.springframework.security.web.FilterChainProxyTVirtualFilterChain.doFilter(FilterChainProxy.java:334)\r\n	at org.springframework.web.filter.CorsFilter.doFilterInternal(CorsFilter.java:96)\r\n	at org.springframework.web.filter.OncePerRequestFilter.doFilter(OncePerRequestFilter.java:109)\r\n	at org.springframework.security.web.FilterChainProxyTVirtualFilterChain.doFilter(FilterChainProxy.java:334)\r\n	at org.springframework.security.web.header.HeaderWriterFilter.doFilterInternal(HeaderWriterFilter.java:74)\r\n	at org.springframework.web.filter.OncePerRequestFilter.doFilter(OncePerRequestFilter.java:109)\r\n	at org.springframework.security.web.FilterChainProxyTVirtualFilterChain.doFilter(FilterChainProxy.java:334)\r\n	at org.springframework.security.web.context.SecurityContextPersistenceFilter.doFilter(SecurityContextPersistenceFilter.java:105)\r\n	at org.springframework.security.web.FilterChainProxyTVirtualFilterChain.doFilter(FilterChainProxy.java:334)\r\n	at org.springframework.security.web.context.request.async.WebAsyncManagerIntegrationFilter.doFilterInternal(WebAsyncManagerIntegrationFilter.java:56)\r\n	at org.springframework.web.filter.OncePerRequestFilter.doFilter(OncePerRequestFilter.java:109)\r\n	at org.springframework.security.web.FilterChainProxyTVirtualFilterChain.doFilter(FilterChainProxy.java:334)\r\n	at org.springframework.security.web.FilterChainProxy.doFilterInternal(FilterChainProxy.java:215)\r\n	at org.springframework.security.web.FilterChainProxy.doFilter(FilterChainProxy.java:178)\r\n	at org.springframework.web.filter.DelegatingFilterProxy.invokeDelegate(DelegatingFilterProxy.java:357)\r\n	at org.springframework.web.filter.DelegatingFilterProxy.doFilter(DelegatingFilterProxy.java:270)\r\n	at org.apache.catalina.core.ApplicationFilterChain.internalDoFilter(ApplicationFilterChain.java:193)\r\n	at org.apache.catalina.core.ApplicationFilterChain.doFilter(ApplicationFilterChain.java:166)\r\n	at org.springframework.web.filter.RequestContextFilter.doFilterInternal(RequestContextFilter.java:99)\r\n	at org.springframework.web.filter.OncePerRequestFilter.doFilter(OncePerRequestFilter.java:109)\r\n	at org.apache.catalina.core.ApplicationFilterChain.internalDoFilter(ApplicationFilterChain.java:193)\r\n	at org.apache.catalina.core.ApplicationFilterChain.doFilter(ApplicationFilterChain.java:166)\r\n	at org.springframework.web.filter.FormContentFilter.doFilterInternal(FormContentFilter.java:92)\r\n	at org.springframework.web.filter.OncePerRequestFilter.doFilter(OncePerRequestFilter.java:109)\r\n	at org.apache.catalina.core.ApplicationFilterChain.internalDoFilter(ApplicationFilterChain.java:193)\r\n	at org.apache.catalina.core.ApplicationFilterChain.doFilter(ApplicationFilterChain.java:166)\r\n	at org.springframework.web.filter.HiddenHttpMethodFilter.doFilterInternal(HiddenHttpMethodFilter.java:93)\r\n	at org.springframework.web.filter.OncePerRequestFilter.doFilter(OncePerRequestFilter.java:109)\r\n	at org.apache.catalina.core.ApplicationFilterChain.internalDoFilter(ApplicationFilterChain.java:193)\r\n	at org.apache.catalina.core.ApplicationFilterChain.doFilter(ApplicationFilterChain.java:166)\r\n	at org.springframework.web.filter.CharacterEncodingFilter.doFilterInternal(CharacterEncodingFilter.java:200)\r\n	at org.springframework.web.filter.OncePerRequestFilter.doFilter(OncePerRequestFilter.java:109)\r\n	at org.apache.catalina.core.ApplicationFilterChain.internalDoFilter(ApplicationFilterChain.java:193)\r\n	at org.apache.catalina.core.ApplicationFilterChain.doFilter(ApplicationFilterChain.java:166)\r\n	at org.apache.catalina.core.StandardWrapperValve.invoke(StandardWrapperValve.java:202)\r\n	at org.apache.catalina.core.StandardContextValve.invoke(StandardContextValve.java:96)\r\n	at org.apache.catalina.authenticator.AuthenticatorBase.invoke(AuthenticatorBase.java:490)\r\n	at org.apache.catalina.core.StandardHostValve.invoke(StandardHostValve.java:139)\r\n	at org.apache.catalina.valves.ErrorReportValve.invoke(ErrorReportValve.java:92)\r\n	at org.apache.catalina.core.StandardEngineValve.invoke(StandardEngineValve.java:74)\r\n	at org.apache.catalina.connector.CoyoteAdapter.service(CoyoteAdapter.java:343)\r\n	at org.apache.coyote.http11.Http11Processor.service(Http11Processor.java:408)\r\n	at org.apache.coyote.AbstractProcessorLight.process(AbstractProcessorLight.java:66)\r\n	at org.apache.coyote.AbstractProtocolTConnectionHandler.process(AbstractProtocol.java:853)\r\n	at org.apache.tomcat.util.net.NioEndpointTSocketProcessor.doRun(NioEndpoint.java:1587)\r\n	at org.apache.tomcat.util.net.SocketProcessorBase.run(SocketProcessorBase.java:49)\r\n	at java.util.concurrent.ThreadPoolExecutor.runWorker(ThreadPoolExecutor.java:1142)\r\n	at java.util.concurrent.ThreadPoolExecutorTWorker.run(ThreadPoolExecutor.java:617)\r\n	at org.apache.tomcat.util.threads.TaskThreadTWrappingRunnable.run(TaskThread.java:61)\r\n	at java.lang.Thread.run(Thread.java:748)\r\n');

/*Table structure for table `sys_position` */

DROP TABLE IF EXISTS `sys_position`;

CREATE TABLE `sys_position` (
  `position_id` bigint(20) NOT NULL COMMENT '主键id',
  `name` varchar(50) NOT NULL COMMENT '职位名称',
  `code` varchar(64) NOT NULL COMMENT '职位编码',
  `sort` int(11) NOT NULL COMMENT '顺序',
  `status` varchar(100) NOT NULL DEFAULT 'ENABLE' COMMENT '状态(字典)',
  `remark` varchar(500) DEFAULT NULL COMMENT '备注',
  `create_time` datetime DEFAULT NULL COMMENT '创建时间',
  `update_user` bigint(20) DEFAULT NULL COMMENT '更新者',
  `update_time` datetime DEFAULT NULL COMMENT '更新时间',
  `create_user` bigint(20) DEFAULT NULL COMMENT '创建者',
  PRIMARY KEY (`position_id`) USING BTREE,
  UNIQUE KEY `CODE_UNI` (`code`) USING BTREE
) ENGINE=InnoDB DEFAULT CHARSET=utf8 ROW_FORMAT=DYNAMIC COMMENT='职位表';

/*Data for the table `sys_position` */

insert  into `sys_position`(`position_id`,`name`,`code`,`sort`,`status`,`remark`,`create_time`,`update_user`,`update_time`,`create_user`) values (1,'董事长','President',1,'ENABLE',NULL,'2019-06-27 18:14:43',1,NULL,NULL),(2,'总经理','GM',2,'ENABLE',NULL,'2019-06-27 18:14:43',1,NULL,NULL);

/*Table structure for table `sys_relation` */

DROP TABLE IF EXISTS `sys_relation`;

CREATE TABLE `sys_relation` (
  `relation_id` bigint(20) NOT NULL COMMENT '主键',
  `menu_id` bigint(20) DEFAULT NULL COMMENT '菜单id',
  `role_id` bigint(20) DEFAULT NULL COMMENT '角色id',
  PRIMARY KEY (`relation_id`) USING BTREE
) ENGINE=InnoDB DEFAULT CHARSET=utf8 ROW_FORMAT=DYNAMIC COMMENT='角色和菜单关联表';

/*Data for the table `sys_relation` */

insert  into `sys_relation`(`relation_id`,`menu_id`,`role_id`) values (1187549844441403393,105,5),(1187549844458180609,132,5),(1187549844474957825,138,5),(1187549844483346433,139,5),(1187549844500123650,140,5),(1187549844512706561,155,5),(1187549844525289473,156,5),(1187549844537872386,157,5),(1187549844550455298,141,5),(1187549844567232514,142,5),(1187549844584009729,143,5),(1187549844596592641,144,5),(1187549844609175554,171,5),(1187549844621758466,149,5),(1187549844634341378,172,5),(1187549844651118594,145,5),(1187549844663701506,1111545968697860098,5),(1187549844676284418,1111546189892870145,5),(1215507839850655746,105,1),(1215507839867432962,106,1),(1215507839875821570,107,1),(1215507839892598785,108,1),(1215507839900987393,109,1),(1215507839909376002,110,1),(1215507839921958913,111,1),(1215507839926153217,112,1),(1215507839926153218,113,1),(1215507839951319042,165,1),(1215507839963901953,166,1),(1215507839972290561,167,1),(1215507839980679169,114,1),(1215507839989067778,115,1),(1215507839997456385,116,1),(1215507840010039297,117,1),(1215507840022622209,118,1),(1215507840031010818,162,1),(1215507840039399425,163,1),(1215507840047788033,164,1),(1215507840056176642,119,1),(1215507840060370945,120,1),(1215507840072953857,121,1),(1215507840081342465,122,1),(1215507840089731073,150,1),(1215507840098119681,151,1),(1215507840106508289,128,1),(1215507840114896897,134,1),(1215507840123285506,158,1),(1215507840131674113,159,1),(1215507840135868418,130,1),(1215507840144257025,131,1),(1215507840156839937,135,1),(1215507840165228545,136,1),(1215507840173617153,137,1),(1215507840182005762,152,1),(1215507840190394369,153,1),(1215507840198782978,154,1),(1215507840202977282,132,1),(1215507840219754497,138,1),(1215507840228143106,139,1),(1215507840236531714,140,1),(1215507840244920322,155,1),(1215507840253308929,156,1),(1215507840261697538,157,1),(1215507840270086145,133,1),(1215507840278474753,160,1),(1215507840291057666,161,1),(1215507840299446274,141,1),(1215507840307834882,142,1),(1215507840316223490,143,1),(1215507840324612098,144,1),(1215507840333000706,1144441072852684801,1),(1215507840341389314,1144441072852684802,1),(1215507840353972225,1144441072852684803,1),(1215507840366555137,1144441072852684804,1),(1215507840379138050,171,1),(1215507840387526657,149,1),(1215507840400109570,1139826657964593154,1),(1215507840408498178,1142957882422112257,1),(1215507840416886785,1142957882422112258,1),(1215507840429469698,1142957882422112259,1),(1215507840433664002,1142957882426306562,1),(1215507840442052609,172,1),(1215507840450441218,145,1),(1215507840458829826,1111545968697860098,1),(1215507840471412737,1111546189892870145,1),(1215507840479801346,1149955324929765378,1),(1215507840488189953,1215483532235866113,1),(1215507840500772865,1215507184289329154,1),(1215507840509161473,1215485477654724609,1),(1215507840517550081,1215485688196202498,1),(1215507840530132993,1215485842978603009,1),(1215507840538521602,1215486007097524225,1),(1215507840546910210,1215486567813054466,1),(1215507840555298818,1215487233302298625,1),(1215507840567881729,1215487499082760193,1),(1215507840580464642,1215488050134614017,1),(1215507840588853250,1215488160096681985,1);

/*Table structure for table `sys_role` */

DROP TABLE IF EXISTS `sys_role`;

CREATE TABLE `sys_role` (
  `role_id` bigint(20) NOT NULL COMMENT '主键id',
  `pid` bigint(20) DEFAULT NULL COMMENT '父角色id',
  `name` varchar(255) DEFAULT NULL COMMENT '角色名称',
  `description` varchar(255) DEFAULT NULL COMMENT '提示',
  `sort` int(11) DEFAULT NULL COMMENT '序号',
  `version` int(11) DEFAULT NULL COMMENT '乐观锁',
  `create_time` datetime DEFAULT NULL COMMENT '创建时间',
  `update_time` datetime DEFAULT NULL COMMENT '修改时间',
  `create_user` bigint(20) DEFAULT NULL COMMENT '创建用户',
  `update_user` bigint(20) DEFAULT NULL COMMENT '修改用户',
  PRIMARY KEY (`role_id`) USING BTREE
) ENGINE=InnoDB DEFAULT CHARSET=utf8 ROW_FORMAT=DYNAMIC COMMENT='角色表';

/*Data for the table `sys_role` */

insert  into `sys_role`(`role_id`,`pid`,`name`,`description`,`sort`,`version`,`create_time`,`update_time`,`create_user`,`update_user`) values (1,0,'超级管理员','administrator',1,1,NULL,NULL,NULL,NULL),(5,1,'第三方登录','oauth_role',2,NULL,NULL,'2019-06-11 13:59:40',NULL,1);

/*Table structure for table `sys_user` */

DROP TABLE IF EXISTS `sys_user`;

CREATE TABLE `sys_user` (
  `user_id` bigint(20) NOT NULL COMMENT '主键id',
  `avatar` varchar(255) DEFAULT NULL COMMENT '头像',
  `account` varchar(45) DEFAULT NULL COMMENT '账号',
  `password` varchar(45) DEFAULT NULL COMMENT '密码',
  `salt` varchar(45) DEFAULT NULL COMMENT 'md5密码盐',
  `name` varchar(45) DEFAULT NULL COMMENT '名字',
  `birthday` datetime DEFAULT NULL COMMENT '生日',
  `sex` varchar(32) DEFAULT NULL COMMENT '性别(字典)',
  `email` varchar(45) DEFAULT NULL COMMENT '电子邮件',
  `phone` varchar(45) DEFAULT NULL COMMENT '电话',
  `role_id` varchar(255) DEFAULT NULL COMMENT '角色id(多个逗号隔开)',
  `dept_id` bigint(20) DEFAULT NULL COMMENT '部门id(多个逗号隔开)',
  `status` varchar(32) DEFAULT NULL COMMENT '状态(字典)',
  `create_time` datetime DEFAULT NULL COMMENT '创建时间',
  `create_user` bigint(20) DEFAULT NULL COMMENT '创建人',
  `update_time` datetime DEFAULT NULL COMMENT '更新时间',
  `update_user` bigint(20) DEFAULT NULL COMMENT '更新人',
  `version` int(11) DEFAULT NULL COMMENT '乐观锁',
  PRIMARY KEY (`user_id`) USING BTREE
) ENGINE=InnoDB DEFAULT CHARSET=utf8 ROW_FORMAT=DYNAMIC COMMENT='管理员表';

/*Data for the table `sys_user` */

insert  into `sys_user`(`user_id`,`avatar`,`account`,`password`,`salt`,`name`,`birthday`,`sex`,`email`,`phone`,`role_id`,`dept_id`,`status`,`create_time`,`create_user`,`update_time`,`update_user`,`version`) values (1,'1124606971782160385','admin','17db03c22596b7609c7c9704f16663e0','abcdef','紫萝园扛把子','2018-11-16 00:00:00','M','sn93@qq.com','18200000000','1',25,'ENABLE','2016-01-29 08:49:53',NULL,'2020-01-10 11:21:50',24,25);

/*Table structure for table `sys_user_pos` */

DROP TABLE IF EXISTS `sys_user_pos`;

CREATE TABLE `sys_user_pos` (
  `user_pos_id` bigint(20) NOT NULL COMMENT '主键id',
  `user_id` bigint(20) NOT NULL COMMENT '用户id',
  `pos_id` bigint(20) NOT NULL COMMENT '职位id',
  PRIMARY KEY (`user_pos_id`) USING BTREE
) ENGINE=InnoDB DEFAULT CHARSET=utf8 ROW_FORMAT=DYNAMIC COMMENT='用户职位关联表';

/*Data for the table `sys_user_pos` */

/*Table structure for table `zly_appeal` */

DROP TABLE IF EXISTS `zly_appeal`;

CREATE TABLE `zly_appeal` (
  `appeal_id` varchar(100) NOT NULL,
  `appeal_type` varchar(100) DEFAULT NULL COMMENT '事件类型',
  `appeal_user` varchar(100) DEFAULT NULL COMMENT '举报人id',
  `appeal_local` varchar(300) DEFAULT NULL COMMENT '事件地址',
  `appeal_degree` varchar(100) DEFAULT NULL COMMENT '紧急程度',
  `appeal_text` varchar(500) DEFAULT NULL COMMENT '事件描述',
  `appeal_path` varchar(1000) DEFAULT NULL COMMENT '拍照取证',
  `create_time` datetime DEFAULT NULL COMMENT '举报时间',
  `update_time` datetime DEFAULT NULL COMMENT '修改时间',
  `appeal_status` varchar(100) DEFAULT NULL COMMENT '处理状态',
  `acceptor_user` varchar(100) DEFAULT NULL COMMENT '受理人id',
  PRIMARY KEY (`appeal_id`)
) ENGINE=InnoDB DEFAULT CHARSET=utf8 COMMENT='事件举报表';

/*Data for the table `zly_appeal` */

insert  into `zly_appeal`(`appeal_id`,`appeal_type`,`appeal_user`,`appeal_local`,`appeal_degree`,`appeal_text`,`appeal_path`,`create_time`,`update_time`,`appeal_status`,`acceptor_user`) values ('0235d5ed9e6f3a05ba7de07ee50d79c8','消防隐患','omRjy1OC0-3_iFigWCNsKwsxAcAg','把把','非常紧急','啦咯啦咯啦咯啦','/images/appeal/ffb3e5f2f90245699920b2bd0205c7b3.jpg','2020-01-06 14:39:32',NULL,NULL,NULL),('8dd46cb69c43b0812eb5fe318b737e36','消防隐患','omRjy1OC0-3_iFigWCNsKwsxAcAg','朝阳区','非常紧急','啦咯啦咯啦咯啦咯','/images/appeal/5593f491c6204d03bbe35a00e37d18b5.png,/images/appeal/bbd2f8adf6eb49a59258aaba6e1d7742.jpg','2020-01-06 14:27:58',NULL,NULL,NULL),('b520158fb7eef37319b3f439314319ae','消防隐患','omRjy1OC0-3_iFigWCNsKwsxAcAg','来了来了','非常紧急','呵呵呵呵呵','/images/appeal/024fb19f7bce4c438e9e68848a81e5be.jpg','2020-01-06 14:56:34',NULL,NULL,NULL),('faf7d2f3c6897ae64511d22d9ae93294','消防隐患','omRjy1OC0-3_iFigWCNsKwsxAcAg','拒绝了','非常紧急','啦咯啦咯啦咯啦','/images/appeal/6d5609807d2b4510b7fa7edf28419cba.jpg','2020-01-06 14:40:34',NULL,NULL,NULL),('fe72ec51891cf5187c355d371814c20c','消防隐患','omRjy1OC0-3_iFigWCNsKwsxAcAg','来了来了','非常紧急','突突突','/images/appeal/36be5cd214f149e19cd3c3e5298136a1.png','2020-01-06 15:03:11',NULL,NULL,NULL);

/*Table structure for table `zly_appoint` */

DROP TABLE IF EXISTS `zly_appoint`;

CREATE TABLE `zly_appoint` (
  `appoint_id` varchar(100) NOT NULL COMMENT '预约id',
  `service_type` varchar(10) DEFAULT NULL COMMENT '服务类型',
  `appoint_time` datetime DEFAULT NULL COMMENT '预约时间',
  `appoint_iphone` varchar(100) DEFAULT NULL COMMENT '预约电话',
  `appoint_title` varchar(100) DEFAULT NULL COMMENT '预约标题',
  `appoint_text` varchar(500) DEFAULT NULL COMMENT '备注信息',
  `create_time` datetime DEFAULT NULL COMMENT '创建时间',
  `update_time` datetime DEFAULT NULL COMMENT '更新时间',
  `appoint_user` varchar(100) DEFAULT NULL COMMENT '预约人id',
  `apply_status` varchar(10) DEFAULT NULL COMMENT '预约状态  01：未确认，02：已受理 03：已驳回',
  `apply_user` varchar(10) DEFAULT NULL COMMENT '处理人id',
  `apply_text` varchar(500) DEFAULT NULL COMMENT '驳回原因',
  `apply_time` datetime DEFAULT NULL COMMENT '预约处理时间',
  `apply_iphone` varchar(100) DEFAULT NULL COMMENT '处理人联系方式',
  PRIMARY KEY (`appoint_id`)
) ENGINE=InnoDB DEFAULT CHARSET=utf8;

/*Data for the table `zly_appoint` */

insert  into `zly_appoint`(`appoint_id`,`service_type`,`appoint_time`,`appoint_iphone`,`appoint_title`,`appoint_text`,`create_time`,`update_time`,`appoint_user`,`apply_status`,`apply_user`,`apply_text`,`apply_time`,`apply_iphone`) values ('3da99a30814fd0025579556000a5c635','1','2020-01-04 11:33:00','15701141304','服务','我需要服务','2020-01-04 11:33:55',NULL,'omRjy1OC0-3_iFigWCNsKwsxAcAg','01',NULL,NULL,NULL,NULL),('40b296e19f9b55218c6bc3e8478ca9eb','1','2020-01-04 12:18:00','15701141304','残联','残联服务','2020-01-04 12:18:16',NULL,'omRjy1OC0-3_iFigWCNsKwsxAcAg','01',NULL,NULL,NULL,NULL),('41ebbce6a629568f9d713bdfdca2681d','3','2020-01-04 12:23:00','155','几声','几声','2020-01-04 12:23:57',NULL,'omRjy1OC0-3_iFigWCNsKwsxAcAg','01',NULL,NULL,NULL,NULL),('4b2d7fdb9dc0e2efdd99fb89144b179d','1','2020-01-10 17:40:00','15701141304','好好过日子','嘿嘿','2020-01-10 17:40:35',NULL,'omRjy1OC0-3_iFigWCNsKwsxAcAg','01',NULL,NULL,NULL,NULL),('72315922350f9162f74c6f7c74ef4ff8','1','2020-01-04 18:31:00','15701141304','李','厉害','2020-01-04 18:31:50',NULL,'omRjy1OC0-3_iFigWCNsKwsxAcAg','01',NULL,NULL,NULL,NULL),('89db2ba19837908fe9b60b775a7cba45','1','2020-01-04 12:23:00','8','哈哈哈','拒绝了','2020-01-04 12:24:13',NULL,'omRjy1OC0-3_iFigWCNsKwsxAcAg','01',NULL,NULL,NULL,NULL),('97cafc142b5e98cfe1bb6511683fa80b','1','2020-01-04 12:35:00','1808951523','你好','going您','2020-01-04 12:34:06',NULL,'omRjy1OC0-3_iFigWCNsKwsxAcAg','01',NULL,NULL,NULL,NULL),('a06e7477612e54287ad84575494460f7','1','2020-06-04 12:23:00','5554','嘿嘿','还好','2020-01-04 12:24:39',NULL,'omRjy1OC0-3_iFigWCNsKwsxAcAg','01',NULL,NULL,NULL,NULL);

/*Table structure for table `zly_article` */

DROP TABLE IF EXISTS `zly_article`;

CREATE TABLE `zly_article` (
  `ar_id` varchar(100) NOT NULL COMMENT '文章id',
  `ar_title` varchar(100) DEFAULT NULL COMMENT '文章标题',
  `ar_text` text COMMENT '文章内容',
  `ar_type` varchar(10) DEFAULT NULL COMMENT '文章所属板块',
  `ar_path` varchar(500) DEFAULT NULL COMMENT '图片路径(逗号隔开)',
  `ar_ispath` varchar(10) DEFAULT NULL COMMENT '文章是否有图片 01：文章  02：图文',
  `ar_firstpath` varchar(500) DEFAULT NULL COMMENT '第一张图片路径',
  `ar_user` varchar(100) DEFAULT NULL COMMENT '作者id',
  `ar_org` varchar(100) DEFAULT NULL COMMENT '作者所属机构',
  `create_time` datetime DEFAULT NULL COMMENT '创建时间',
  `update_time` datetime DEFAULT NULL COMMENT '修改时间',
  `ar_major_type` varchar(100) DEFAULT NULL COMMENT '电子图书类别大类',
  `ar_low_type` varchar(100) DEFAULT NULL COMMENT '电子图书类别小类',
  PRIMARY KEY (`ar_id`)
) ENGINE=InnoDB DEFAULT CHARSET=utf8;

/*Data for the table `zly_article` */

insert  into `zly_article`(`ar_id`,`ar_title`,`ar_text`,`ar_type`,`ar_path`,`ar_ispath`,`ar_firstpath`,`ar_user`,`ar_org`,`create_time`,`update_time`,`ar_major_type`,`ar_low_type`) values ('1111','创建国家卫生区知识','创卫工作人人参与  美好环境家家受益\r\n\r\n什么是国家卫生区？\r\n国家卫生区是由全国爱国卫生运动委员会办公室评审并命名的国家级卫生优秀行政区，体现了美好的生活环境和良好的市民素质等内涵，是反映区域经济社会发展水平、文明健康程度的一项重要指标，是全国重要的形象品牌之一。\r\n\r\n为什么要创建国家卫生区？\r\n创建国家卫生区，是贯彻落实党的十九大和习近平总书记系列重要讲话精神、立足首都“四个中心”定位服务首都发展大局、不断推进新时期爱国卫生工作的重要举措，对提升地区环境面貌、改善人民居住环境、提高群众生活质量和健康水平具有十分重要的意义。\r\n朝阳区作为首都的发展大区、承载大区、窗口大区，开展国家卫生区创建活动是建设“健康朝阳”的重要基础和必备条件，也是提升城市品质和群众获得感的重要载体，是朝阳建设和谐宜居模范区的重要抓手。\r\n\r\n创建国家卫生区有哪些意义？\r\n创建国家卫生区，能使基础设施建设得到快速发展，环境卫生质量得到显著改善，生态与居住环境得到不断优化，城市管理与服务能力得到整体提升，居民健康卫生水平得到明显提高，彻底改变城市脏、乱、差的面貌，使朝阳成为天蓝、水碧、地绿，干净、整洁、有序，人与自然和谐统一，社会与经济协调发展，具有可持续发展潜力与实力的健康城区，让老百姓生活得更加安逸、舒心。\r\n\r\n创建国家卫生区包括哪些内容？\r\n1、爱国卫生组织管理\r\n2、健康教育和健康促进\r\n3、市容环境卫生\r\n4、环境保护\r\n5、重点场所卫生\r\n6、食品和生活饮用水安全\r\n7、公共卫生与医疗服务\r\n8、病媒生物预防控制','TZTG','/images/1.jpg','02','/images/1.jpg','0000','紫萝园社区','2020-01-04 15:48:25',NULL,NULL,NULL),('1112','天气炎热，注意防暑','一、夏天不提倡进行爬山等在室外、白天进行的剧烈活动，建议可选择游泳、早晚慢跑等体育活动。 \r\n二、要多喝白开水，并且要定时饮水，不要等口渴时再喝，口渴后不宜狂饮。应少喝果汁、汽水等饮料，其中含有较多的糖精和电解质，喝多了会对胃肠产生不良刺激，影响消化和食欲。 \r\n三、不宜过量饮酒。人体在夏季受气温影响极易积蕴湿热，而湿热过盛又是诱发皮肤发生疮痈肿毒的病因，若大量饮白酒，更会助热生湿，无异于火上浇油。 \r\n四、饮食不宜过于清淡。夏天人的活动时间长，出汗多，消耗大，应适当多吃鸡、鸭、瘦肉、鱼类、蛋类等营养食品，以满足人体代谢需要。夏天的时令蔬菜，如生菜、黄瓜、西红柿等的含水量较高；新鲜水果，如桃子、杏、西瓜、甜瓜等水分含量为80至90％，都可以用来补充水分。 \r\n五、午睡时间不宜过长。午睡时间过长，中枢神经会加深抑制，脑内血流量相对减少会减慢代谢过程，导致醒来后周身不舒服而更加困倦。 \r\n六、忌受热后“快速冷却”。炎夏，人们外出或劳动归来，喜欢不是开足电扇，就是立即去洗冷水澡，这样会使全身毛孔快速闭合，体内热量反而难以散发，还会因脑部血管迅速收缩而引起大脑供血不足，使人头晕目眩。 \r\n七、空调室内外温差不宜太大。使用空调室内外温差不超过5度为宜，即使天气再热，空调室内温度也不宜到24度以下。 \r\n八、不宜佩戴金属首饰。金属装饰品中的某些金属沾上汗水，所接触到的皮肤可能出现微红或瘙痒等症状，容易引发接触性皮炎。 \r\n九、夏天出门记得要备好防晒用具，最好不要在上午10点至下午4点时在烈日下行走。如果此时必须外出，一定要做好防护工作，如打遮阳伞、戴遮阳帽、戴太阳镜，最好涂抹防晒霜。 \r\n十、生活起居要规律，不经常熬夜，保证充分的睡眠也是预防中暑的有效措施。睡眠时注意不要躺在空调的出风口和电扇下。 \r\n十一、出门还要随身携带防暑降温药品，如十滴水、仁丹、风油精等，以防应急之用。','TZTG',NULL,'01',NULL,'0000','紫萝园社区','2020-01-04 15:48:28',NULL,NULL,NULL),('1113','2020年独生子女费将打卡发放','根据新政策，户籍在本社区，子女未满18岁，已领取《独生子女父母光荣证》的并且个人存档或失业人员，之前在居委会登记过并领取了2019年下半年独生子女费的(5元/月/人)，请尽快到居委会提交领取人姓名开户的农商银行卡复印件，并需要提交相关材料：1、户口本 2、独生子女证 3、结婚证(离婚证)原件4、身份证5、现场填写《领取独生子女父母奖励费申请表》6、现场填写《个人承诺书》。谢谢配合!\r\n\r\n\r\n办理期限：2019年12月10日------30日\r\n\r\n地点：紫萝园社区服务站(石佛营东里136号院A座108室)\r\n\r\n预约办理联系电话：85840762','SQJS',NULL,'01',NULL,'0000','紫萝园社区','2020-01-04 15:48:34',NULL,NULL,NULL),('1114','联系我们','紫萝园社区便民服务电话\r\n紫萝园社区居委会    85844892    85846204\r\n紫萝园社区服务站    85840762    85842134\r\n东风派出所             85849101\r\n东风城管                85840857\r\n东风社保所             85848337\r\n中水物业                85817326\r\n紫萝园物业             85835845\r\n万科金阳物业          85818181\r\n东商物业                85811979\r\n燃气公司热线          96777','SQJS',NULL,'01',NULL,'0000','紫萝园社区','2020-01-04 15:48:36',NULL,NULL,NULL),('1115','社区介绍','紫萝园社区简介\r\n一、紫萝园社区成立于2006年5月，位于东风地区东部，东至京包铁路，西至石佛营路，南至石佛营东里小区中路，北至姚家园路。管辖面积0.22平方公里，现有21栋居民楼和1个平房院，管辖居民3443户。紫萝园社区居委会辖区既有奥士凯副食品公司、粮食局、饮食公司、服装公司、服务公司家属聚集的东商小区，有集体拆迁上楼的农转居人员的东里小区107号楼、109号楼、111号楼，还有教师楼小区，居住的都是东城的优秀教师，更有商住两用年轻人聚集的万科金阳小区，是高档小区与老旧小区相结合的多元化社区。社区共有20个居民小组，47个居民代表。社区党委下设4个党支部，317名党员。社区人口8641人，其中60岁以上老年人约2000余人，占到社区居民的25%，其中空巢、孤寡老人120余人，学龄前儿童约57人，青少年430人，残疾家庭约106户，失独家庭4户，流动人口约2532人。   二、社区工作者情况：目前社区共有社区工作者12人，其中党员11人。2010年设立了社区服务站，进一步明确了以社区党组织为核心、以社区自治组织为基础、以社区服务站为依托，形成了社区党组织、居委会和服务站“三驾马车”；既有明确分工又互相合作的新格局。社区“两委一站”班子健全，社区书记1人、主任1人，社区党委5人制，副书记2名，其中专职党务副书记1人；社区居委会7人制，设副主任1名。社区工作者全部为大专及以上学历，其中考取助理社工师4人。\r\n ','SQJS',NULL,'01',NULL,'0000','紫萝园社区','2020-01-04 15:48:42',NULL,NULL,NULL),('1116','【宣传】2019年紫萝园社区视屏安全宣传','为进一步普及食品安全知识，广泛动员全社会关心、支持和参与食品安全工作，切实做好食品安全宣传，2019年6月26日，紫萝园社区联合食药所在紫萝园105号院会议室开展食品安全宣传活动及保健食品“五进”科普宣传活动。到会人员40余人。通过宣传，进一步普及保健食品知识，促进居民科学认知保健食品，提升消费者理性消费意识及自我防护意识。此次保健食品进社区的科普宣传受到广大居民一致好评，深表受益匪浅。','SQFC',NULL,'01',NULL,'0000','紫萝园社区','2020-01-04 15:48:44',NULL,NULL,NULL),('1117','【活动】紫萝园社区党组织服务群众项目 -- 主题观影活动','为了落实党组织服务群众宗旨，纪念新中国成立70周年及建党98周年华诞，强化基层党组织的服务功能，提高新形势下做好服务群众工作的能力，为了集聚党群共建的合力效应，紫萝园社区党委结合“动态楼宇”组织动员居民工作要点，2019年7月4日上午9:00在嘉华影院，组织党群80余人，以“不忘初心”为主题，开展了“赤紫之心”党建系列之主题观影教育活动，旨在弘扬基层党组织的战斗堡垒作用及共产党员的先锋模范作用，坚定党的领导形成合力，有效发挥群建资源，打造党群联动服务队伍。\r\n\r\n此次观看的影片是最新上映的爱国主义题材电影《八子》，它是以中央苏区真实事件改编，讲述了革命先辈浴血奋战、舍生取义的战斗历史，所谓血肉铸山河，英雄永不朽，此次活动让党员群众们重新接受了一场“红色”的精神洗礼。','SQFC',NULL,'01',NULL,'0000','紫萝园社区','2019-11-12 15:48:49',NULL,NULL,NULL),('1118','【三社一体化】健步走活动','紫萝园社区2019三社一体化项目—— “快乐健步走•绿色健康行”活动，为热爱健康生活，倡导环境保护，拥抱大自然，紫萝园社区开展了“艺”境康健之“快乐健步走•绿色健康行”健步走活动。\r\n\r\n此次活动以协商民主议事组织为主体，社区协助其开展，从而搭建辖区单位与居民的联系平台，居民与居民之间的互动，增加辖区单位与社区居民的幸福感和归属感，释放自己、关爱环保，享受健康生活。活动利用崇尚健康生活，接触大自然这一热门话题，吸引青年群体，倡导放下紧张的工作，脱离健身房高昂的费用，与大自然零接触，灌输既环保又健康的生活理念，从而带动其积极性，旨在动员中青年志愿者。\r\n\r\n2019年7月31日上午8:00在朝阳公园东5门，紫萝园社区联合居民、青少年、党员、和谐促进员、辖区单位和居民议事厅成员志愿者共计60人参与了此次活动。\r\n\r\n在社会组织及居委会的带领下，全体成员迎着朝阳，由朝阳公园东五门准时出发，向健步道行进，参加活动的居民中既有花甲老人，也有中青年人，还有小朋友，他们组成浩浩荡荡的健步行大军如一条长龙，招展着自己制作的队旗，绵延在道路周边，一路上欢声笑语，热闹非凡。为确保活动安全有序的开展，志愿者们分散在队伍中引导和服务，提示大家注意安全。\r\n\r\n活动结束后，居民们纷纷表示此项活动的开展不仅锻炼了身体，还促进了居民间的交流，提高了大家自觉锻炼身体的意识，将吸引更多的人参与到全民健身运动中来。','SQFC',NULL,'01',NULL,'0000','紫萝园社区','2020-01-04 15:48:56',NULL,NULL,NULL),('2111','办理80岁养老助残卡（即居家养老服务补贴）所需材料','办理80岁养老助残卡（即居家养老服务补贴），周岁生日前提前一个月办理，需要提供以下材料： \r\n\r\n1、老人身份证原件\r\n2、老人户口本原件                                                                                                                                                                                              3、需要本人签字确认          ','LNR','/images/3.jpg','02','/images/3.jpg','0000','紫萝园社区','2020-01-02 18:09:00',NULL,NULL,NULL),('2112','本市、外埠60-64周岁老年人办理老年证所需材料','本市、外埠 办理老年优待证（60—64周岁） （一）本市老年人业务办理，需要提供以下材料： \r\n1.身份证正、反面复印件1份 \r\n2. 白底彩色1寸照片1张 \r\n\r\n（二）外埠老年人业务办理，需要提供以下材料： \r\n1.暂住证（需在有效期内）第1、2页复印件1份（印在同一张A4纸上） \r\n2. 白底彩色1寸照片1张 \r\n注：年满周岁来京满4个月，周岁生日提前2个月申请\r\n\r\n本市、外埠办理北京通—养老助残卡（65—79周岁10个月） \r\n从2017年1月1日起都去北京农商银行办理。','LNR',NULL,'01',NULL,'0000','紫萝园社区','2020-01-01 18:09:17',NULL,NULL,NULL),('2113','办理第一个子女及第二个子女《生育服务证》所需材料','一、办理第一个子女及第二个子女《生育服务证》所需材料\r\n\r\n夫妻一方或双方为本市户籍的，可持一下相关内容到本市一方户籍地社区村（居）办理生育登记： \r\n1、夫妻双方：户口本、身份证、结婚证原件。 \r\n2、双方本人填写《生育登记信息采集表》和《生育服务证》第二页内容。如不能来本人来办理的，代办人还需提供《委托书》。 \r\n3、子女已出生申请补办第一个子女《生育服务证》的，需提供包括子女《出生医学证明》原件 \r\n4、办理第二个子女《生育服务证》除以上材料还需要提供，一孩的《独生子女证书》、《准生证》、《出生医学证明》。','JS',NULL,'01',NULL,'0000','紫萝园社区','2020-01-02 18:09:20',NULL,NULL,NULL),('2114','办理外地来京人员生育服务联系单所需材料','办理外地来京人员生育服务联系单所需材料 \r\n1、男/女方户籍地计划生育部门出具的一年期内的：户籍所在地街乡镇计划生育部门出具婚育状况证明原件或原籍《准生证》一胎准生证须街/乡盖章；二胎准生证须区/县盖章的原件。 \r\n2、享受生育保险人员的社保卡原件。 \r\n3、享受生育保险人员单位开具的一年期内的婚育证明原件 \r\n4、享受生育保险人员和其爱人的暂住证原件。 \r\n5、孩子已出生的需要注明：孩子的“姓名、性别、出生日期”。','JZZ',NULL,'01',NULL,'0000','紫萝园社区','2020-01-03 18:09:23',NULL,NULL,NULL),('2115','申领第二代《中华人民共和国残疾人证》残疾证办理条件及所需材料','申领第二代《中华人民共和国残疾人证》 \r\n办理条件： \r\n1、户口必须在本社区 \r\n2、提交相关的近一年的病例、X光片 \r\n3、本人或联系人自愿办证 \r\n4、本人（精神、智力、行动特别困难患者除外）或联系人亲自到场申请\r\n\r\n所需材料： 1、户口本首页、本人页、变更页复印件２份                                                                                                                                                                                                                         2、身份证复印件（正反面）３份 \r\n3、二寸蓝底照片 3张 \r\n4、三甲医院的诊断证明书原件及复印件１份（病例及影像资料）','CJR',NULL,'01',NULL,'0000','紫萝园社区','2020-01-10 18:09:26',NULL,NULL,NULL),('2116',NULL,'由各种物质组成的巨型球状天体，叫做星球。星球有一定的形状，有自己的运行轨道。','DZYL',NULL,'02','/images/1.jpg','0000','紫萝园社区','2020-01-31 18:09:30',NULL,'计生知识','计划生育手册'),('2117',NULL,'由各种物质组成的巨型球状天体，叫做星球。星球有一定的形状，有自己的运行轨道。','DZYL',NULL,'02','/images/2.jpg','0000','紫萝园社区','2020-01-09 18:09:32',NULL,'环保知识','垃圾分类手册'),('2118',NULL,'由各种物质组成的巨型球状天体，叫做星球。星球有一定的形状，有自己的运行轨道。','DZYL',NULL,'02','/images/3.jpg','0000','紫萝园社区','2020-01-06 07:37:14',NULL,'消防知识','消防安全手册');

/*Table structure for table `zly_event` */

DROP TABLE IF EXISTS `zly_event`;

CREATE TABLE `zly_event` (
  `event_id` varchar(100) NOT NULL COMMENT '活动id',
  `event_name` varchar(200) DEFAULT NULL COMMENT '活动名称',
  `event_type` varchar(10) DEFAULT NULL COMMENT '活动分类',
  `event_start` datetime DEFAULT NULL COMMENT '活动开始时间（如果没有结束时间，第二天默认结束）',
  `event_end` datetime DEFAULT NULL COMMENT '活动结束时间',
  `event_local` varchar(200) DEFAULT NULL COMMENT '举办地点',
  `event_limit` int(10) DEFAULT NULL COMMENT '名额',
  `event_real` int(10) DEFAULT NULL COMMENT '实际人数',
  `event_restart` datetime DEFAULT NULL COMMENT '报名开始时间',
  `event_reend` datetime DEFAULT NULL COMMENT '报名截止时间',
  `event_text` text COMMENT '活动介绍',
  `event_status` varchar(10) DEFAULT NULL COMMENT '活动状态  01：进行中 02：已结束',
  `create_time` datetime DEFAULT NULL COMMENT '创建时间',
  `update_time` datetime DEFAULT NULL COMMENT '修改时间',
  `event_state` varchar(10) DEFAULT NULL COMMENT '用户-活动状态  01线上报名  02报名已截止  03活动已结束  04名额已满  05已报名',
  PRIMARY KEY (`event_id`)
) ENGINE=InnoDB DEFAULT CHARSET=utf8;

/*Data for the table `zly_event` */

insert  into `zly_event`(`event_id`,`event_name`,`event_type`,`event_start`,`event_end`,`event_local`,`event_limit`,`event_real`,`event_restart`,`event_reend`,`event_text`,`event_status`,`create_time`,`update_time`,`event_state`) values ('aasff','公益金--环保画DIY','公益','2020-01-08 20:30:00','2020-01-08 22:10:20','观湖国际社区居委会活动室',30,27,'2020-01-01 00:00:00','2020-01-07 00:00:00','	为了传播绿色环保概念，丰富青少年暑期生活，社区安排了一系列环保主题活动。传播垃圾分类新理念。欢迎同学们踊跃报名。\r\n	由美景未来的专业绘画老师进行设计图案，由社区的青少年亲手制作，将废旧瓶盖进行回收\r\n为了传播绿色环保概念，丰富青少年暑期生活，社区安排了一系列环保主题活动。传播垃圾分类新理念。欢迎同学们踊跃报名。\r\n	由美景未来的专业绘画老师进行设计图案，由社区的青少年亲手制作，将废旧瓶盖进行回收\r\n为了传播绿色环保概念，丰富青少年暑期生活，社区安排了一系列环保主题活动。传播垃圾分类新理念。欢迎同学们踊跃报名。\r\n	由美景未来的专业绘画老师进行设计图案，由社区的青少年亲手制作，将废旧瓶盖进行回收\r\n为了传播绿色环保概念，丰富青少年暑期生活，社区安排了一系列环保主题活动。传播垃圾分类新理念。欢迎同学们踊跃报名。\r\n	由美景未来的专业绘画老师进行设计图案，由社区的青少年亲手制作，将废旧瓶盖进行回收\r\n为了传播绿色环保概念，丰富青少年暑期生活，社区安排了一系列环保主题活动。传播垃圾分类新理念。欢迎同学们踊跃报名。\r\n	由美景未来的专业绘画老师进行设计图案，由社区的青少年亲手制作，将废旧瓶盖进行回收\r\n为了传播绿色环保概念，丰富青少年暑期生活，社区安排了一系列环保主题活动。传播垃圾分类新理念。欢迎同学们踊跃报名。\r\n	由美景未来的专业绘画老师进行设计图案，由社区的青少年亲手制作，将废旧瓶盖进行回收\r\n为了传播绿色环保概念，丰富青少年暑期生活，社区安排了一系列环保主题活动。传播垃圾分类新理念。欢迎同学们踊跃报名。\r\n	由美景未来的专业绘画老师进行设计图案，由社区的青少年亲手制作，将废旧瓶盖进行回收','01',NULL,NULL,NULL);

/*Table structure for table `zly_event_user` */

DROP TABLE IF EXISTS `zly_event_user`;

CREATE TABLE `zly_event_user` (
  `id` varchar(100) NOT NULL,
  `event_id` varchar(100) DEFAULT NULL COMMENT '活动id',
  `user_id` varchar(100) DEFAULT NULL COMMENT '用户id',
  `sign` varchar(100) DEFAULT NULL COMMENT '是否签到  01：否  02：是',
  `sign_num` int(10) DEFAULT NULL COMMENT '签到次数(待定)',
  PRIMARY KEY (`id`)
) ENGINE=InnoDB DEFAULT CHARSET=utf8;

/*Data for the table `zly_event_user` */

insert  into `zly_event_user`(`id`,`event_id`,`user_id`,`sign`,`sign_num`) values ('d3e372290cee8b69d0bc392a07f1e668','aasff','omRjy1OC0-3_iFigWCNsKwsxAcAg','01',NULL);

/*Table structure for table `zly_gift` */

DROP TABLE IF EXISTS `zly_gift`;

CREATE TABLE `zly_gift` (
  `gift_id` varchar(100) NOT NULL COMMENT '兑换品id',
  `gift_name` varchar(100) DEFAULT NULL COMMENT '兑换品名字',
  `gift_core` int(10) DEFAULT NULL COMMENT '兑换品所需积分',
  `gift_text` varchar(200) DEFAULT NULL COMMENT '兑换品描述',
  `gift_path` varchar(100) DEFAULT NULL COMMENT '兑换品图片',
  `gift_num` int(10) DEFAULT NULL COMMENT '兑换品库存',
  `gift_state` varchar(10) DEFAULT NULL COMMENT '状态  01：启用 02：停用',
  `create_time` datetime DEFAULT NULL COMMENT '创建时间',
  `update_time` datetime DEFAULT NULL COMMENT '修改时间',
  PRIMARY KEY (`gift_id`)
) ENGINE=InnoDB DEFAULT CHARSET=utf8;

/*Data for the table `zly_gift` */

insert  into `zly_gift`(`gift_id`,`gift_name`,`gift_core`,`gift_text`,`gift_path`,`gift_num`,`gift_state`,`create_time`,`update_time`) values ('1','优衣库轻薄羽绒服 ',2000,'内充羽绒填料的上衣，外形庞大圆润。羽绒服一般鸭绒量占一半以上，同时可以混杂一些细小的羽毛，','/images/gift/yurong.png',99999,'01','2020-01-06 18:14:18',NULL),('2','卷纸',50,'这是两种不同的纸,抽纸纤维紧密一点,擦手擦脸不会有纸屑,','/images/gift/juanzhi.png',99995,'01','2020-01-06 18:14:22',NULL);

/*Table structure for table `zly_gift_log` */

DROP TABLE IF EXISTS `zly_gift_log`;

CREATE TABLE `zly_gift_log` (
  `zgl_id` varchar(100) NOT NULL COMMENT '兑换记录id',
  `zgl_batch_id` varchar(100) DEFAULT NULL COMMENT '兑换批次id',
  `zgl_gift_id` varchar(100) DEFAULT NULL COMMENT '兑换品id',
  `zgl_user_id` varchar(100) DEFAULT NULL COMMENT '兑换人id',
  `zgl_num` int(100) DEFAULT NULL COMMENT '兑换个数',
  `zgl_core` int(10) DEFAULT NULL COMMENT '消耗总积分',
  `create_time` datetime DEFAULT NULL COMMENT '兑换时间',
  `update_time` datetime DEFAULT NULL COMMENT '更新时间',
  PRIMARY KEY (`zgl_id`)
) ENGINE=InnoDB DEFAULT CHARSET=utf8;

/*Data for the table `zly_gift_log` */

insert  into `zly_gift_log`(`zgl_id`,`zgl_batch_id`,`zgl_gift_id`,`zgl_user_id`,`zgl_num`,`zgl_core`,`create_time`,`update_time`) values ('2df8be081b3dfffe5a114f59e3fe5c97','4ab6afffbb0b49febfee992638134f38','2','omRjy1OC0-3_iFigWCNsKwsxAcAg',1,50,'2020-01-06 20:42:18',NULL),('7779fdd05ca1686985345347e3a977d2','6abc2a536749481f9e26d2caef48c34e','2','omRjy1OC0-3_iFigWCNsKwsxAcAg',1,50,'2020-01-06 20:30:47',NULL),('93061a3ffe5d1ea1df289eb0f5136947','70a1abe60d9f4f64b03a9a7895f9c101','2','omRjy1OC0-3_iFigWCNsKwsxAcAg',2,100,'2020-01-06 20:35:26',NULL);

/*Table structure for table `zly_home` */

DROP TABLE IF EXISTS `zly_home`;

CREATE TABLE `zly_home` (
  `home_id` varchar(100) NOT NULL COMMENT '资源id',
  `home_name` varchar(100) DEFAULT NULL COMMENT '资源名字',
  `home_local` varchar(100) DEFAULT NULL COMMENT '资源地址',
  `home_type` varchar(100) DEFAULT NULL COMMENT '资源类别',
  `home_tel` varchar(100) DEFAULT NULL COMMENT '资源联系电话',
  `home_detail` varchar(100) DEFAULT NULL COMMENT '精简说明（主营范围）',
  `home_text` text COMMENT '详细说明',
  `home_path` varchar(200) DEFAULT NULL COMMENT '图片',
  `home_time` varchar(200) DEFAULT NULL COMMENT '经营时间  （）至（）',
  `home_state` varchar(100) DEFAULT NULL COMMENT '01:有效  02：无效',
  `home_lat` decimal(20,7) DEFAULT NULL COMMENT '纬度',
  `home_lng` decimal(20,7) DEFAULT NULL COMMENT '经度',
  `create_time` datetime DEFAULT NULL COMMENT '创建时间',
  `update_time` datetime DEFAULT NULL COMMENT '更新时间',
  PRIMARY KEY (`home_id`)
) ENGINE=InnoDB DEFAULT CHARSET=utf8;

/*Data for the table `zly_home` */

insert  into `zly_home`(`home_id`,`home_name`,`home_local`,`home_type`,`home_tel`,`home_detail`,`home_text`,`home_path`,`home_time`,`home_state`,`home_lat`,`home_lng`,`create_time`,`update_time`) values ('1','观湖国际社区卫生服务站','观湖国际小区7号楼-1单元1层','YL','59283504','设有中医和全诊科室',NULL,'/images/1.jpg',NULL,'01',NULL,NULL,'2020-01-08 11:18:59','2020-01-08 11:19:02'),('2','脸谱港式火锅','北京市朝阳区东四环北路88号院','CY','59283501','火锅',NULL,'/images/2.jpg',NULL,'01',NULL,NULL,'2020-01-08 11:22:45','2020-01-08 11:22:47');

/*Table structure for table `zly_user` */

DROP TABLE IF EXISTS `zly_user`;

CREATE TABLE `zly_user` (
  `user_id` varchar(100) NOT NULL COMMENT '微信id',
  `user_name` varchar(200) DEFAULT NULL COMMENT '用户姓名',
  `user_type` varchar(50) DEFAULT NULL COMMENT '证件类型',
  `user_card` varchar(50) DEFAULT NULL COMMENT '证件号码',
  `user_iphone` varchar(50) DEFAULT NULL COMMENT '用户手机号',
  `user_path` varchar(200) DEFAULT NULL COMMENT '照片路径',
  `user_sum` int(10) DEFAULT '0' COMMENT '公益总积分',
  `user_core` int(10) DEFAULT '0' COMMENT '公益当前积分',
  `user_volunteer` varchar(10) DEFAULT '02' COMMENT '是否为志愿者   01：是   02：否',
  `create_time` datetime DEFAULT NULL COMMENT '创建时间',
  `update_time` datetime DEFAULT NULL COMMENT '修改时间',
  PRIMARY KEY (`user_id`)
) ENGINE=InnoDB DEFAULT CHARSET=utf8;

/*Data for the table `zly_user` */

/*Table structure for table `zly_volunteer` */

DROP TABLE IF EXISTS `zly_volunteer`;

CREATE TABLE `zly_volunteer` (
  `vo_id` varchar(100) NOT NULL,
  `vo_name` varchar(100) DEFAULT NULL COMMENT '志愿者活动名字',
  `vo_tel` varchar(100) DEFAULT NULL COMMENT '咨询电话',
  `vo_time` varchar(100) DEFAULT NULL COMMENT '活动时间',
  `vo_local` varchar(200) DEFAULT NULL COMMENT '活动地点',
  `vo_state` varchar(100) DEFAULT '01' COMMENT '01：有效 02：无效',
  `vo_duration` varchar(100) DEFAULT NULL COMMENT '持续时间',
  `vo_path` varchar(100) DEFAULT NULL COMMENT '描述图片',
  `create_time` datetime DEFAULT NULL COMMENT '创建时间',
  `update_time` datetime DEFAULT NULL COMMENT '修改时间',
  `is_join` varchar(100) DEFAULT NULL COMMENT '用户是否报名（辅助字段）',
  PRIMARY KEY (`vo_id`)
) ENGINE=InnoDB DEFAULT CHARSET=utf8;

/*Data for the table `zly_volunteer` */

insert  into `zly_volunteer`(`vo_id`,`vo_name`,`vo_tel`,`vo_time`,`vo_local`,`vo_state`,`vo_duration`,`vo_path`,`create_time`,`update_time`,`is_join`) values ('1','观湖国际社区阳光少年志愿者招募','59283405','(工作时间周一至周五：8:30-17:00) 午休时间: 11:30-13:30','观湖国际社区居委会','01','3小时','/images/3.jpg','2020-01-08 17:32:38',NULL,NULL);

/*Table structure for table `zly_volunteer_user` */

DROP TABLE IF EXISTS `zly_volunteer_user`;

CREATE TABLE `zly_volunteer_user` (
  `zvu_id` varchar(100) NOT NULL COMMENT '志愿者-用户参与表',
  `volunteer_id` varchar(100) DEFAULT NULL COMMENT '志愿者活动id',
  `user_id` varchar(100) DEFAULT NULL COMMENT '参与用户id',
  `create_time` datetime DEFAULT NULL COMMENT '报名时间',
  `update_time` datetime DEFAULT NULL COMMENT '修改时间',
  PRIMARY KEY (`zvu_id`)
) ENGINE=InnoDB DEFAULT CHARSET=utf8;

/*Data for the table `zly_volunteer_user` */

/*!40101 SET SQL_MODE=@OLD_SQL_MODE */;
/*!40014 SET FOREIGN_KEY_CHECKS=@OLD_FOREIGN_KEY_CHECKS */;
/*!40014 SET UNIQUE_CHECKS=@OLD_UNIQUE_CHECKS */;
/*!40111 SET SQL_NOTES=@OLD_SQL_NOTES */;
